대학ID,공시연도,지표,값,단위,출처
1,2025,정원내 신입생 경쟁률,22.9,:1,대학알리미(공공데이터포털)
1,2025,신입생 충원율,100,%,대학알리미(공공데이터포털)
1,2025,정원내 모집인원,4071,명,대학알리미(공공데이터포털)
1,2025,정원내 입학자,4071,명,대학알리미(공공데이터포털)
1,2025,재학생 충원율,134.7,%,대학알리미(공공데이터포털)
2,2025,정원내 신입생 경쟁률,8.1,:1,대학알리미(공공데이터포털)
2,2025,신입생 충원율,100,%,대학알리미(공공데이터포털)
2,2025,정원내 모집인원,4472,명,대학알리미(공공데이터포털)
2,2025,정원내 입학자,4471,명,대학알리미(공공데이터포털)
2,2025,재학생 충원율,104.4,%,대학알리미(공공데이터포털)
3,2025,정원내 신입생 경쟁률,21.7,:1,대학알리미(공공데이터포털)
3,2025,신입생 충원율,99.9,%,대학알리미(공공데이터포털)
3,2025,정원내 모집인원,3024,명,대학알리미(공공데이터포털)
3,2025,정원내 입학자,3021,명,대학알리미(공공데이터포털)
3,2025,재학생 충원율,131.5,%,대학알리미(공공데이터포털)
4,2025,정원내 신입생 경쟁률,15.5,:1,대학알리미(공공데이터포털)
4,2025,신입생 충원율,99.9,%,대학알리미(공공데이터포털)
4,2025,정원내 모집인원,1747,명,대학알리미(공공데이터포털)
4,2025,정원내 입학자,1745,명,대학알리미(공공데이터포털)
4,2025,재학생 충원율,127.9,%,대학알리미(공공데이터포털)
5,2025,정원내 신입생 경쟁률,9,:1,대학알리미(공공데이터포털)
5,2025,신입생 충원율,99.8,%,대학알리미(공공데이터포털)
5,2025,정원내 모집인원,4468,명,대학알리미(공공데이터포털)
5,2025,정원내 입학자,4457,명,대학알리미(공공데이터포털)
5,2025,재학생 충원율,112.8,%,대학알리미(공공데이터포털)
6,2025,정원내 신입생 경쟁률,5.2,:1,대학알리미(공공데이터포털)
6,2025,신입생 충원율,95.1,%,대학알리미(공공데이터포털)
6,2025,정원내 모집인원,409,명,대학알리미(공공데이터포털)
6,2025,정원내 입학자,389,명,대학알리미(공공데이터포털)
6,2025,재학생 충원율,91.2,%,대학알리미(공공데이터포털)
7,2025,정원내 신입생 경쟁률,4.9,:1,대학알리미(공공데이터포털)
7,2025,신입생 충원율,82.7,%,대학알리미(공공데이터포털)
7,2025,정원내 모집인원,1696,명,대학알리미(공공데이터포털)
7,2025,정원내 입학자,1403,명,대학알리미(공공데이터포털)
7,2025,재학생 충원율,75.3,%,대학알리미(공공데이터포털)
8,2025,정원내 신입생 경쟁률,5.3,:1,대학알리미(공공데이터포털)
8,2025,신입생 충원율,96.4,%,대학알리미(공공데이터포털)
8,2025,정원내 모집인원,110,명,대학알리미(공공데이터포털)
8,2025,정원내 입학자,106,명,대학알리미(공공데이터포털)
8,2025,재학생 충원율,96.8,%,대학알리미(공공데이터포털)
9,2025,정원내 신입생 경쟁률,16.6,:1,대학알리미(공공데이터포털)
9,2025,신입생 충원율,100,%,대학알리미(공공데이터포털)
9,2025,정원내 모집인원,1798,명,대학알리미(공공데이터포털)
9,2025,정원내 입학자,1798,명,대학알리미(공공데이터포털)
9,2025,재학생 충원율,121.4,%,대학알리미(공공데이터포털)
10,2025,정원내 신입생 경쟁률,1.9,:1,대학알리미(공공데이터포털)
10,2025,신입생 충원율,100,%,대학알리미(공공데이터포털)
10,2025,정원내 모집인원,154,명,대학알리미(공공데이터포털)
10,2025,정원내 입학자,154,명,대학알리미(공공데이터포털)
10,2025,재학생 충원율,85.2,%,대학알리미(공공데이터포털)
11,2025,정원내 신입생 경쟁률,8.4,:1,대학알리미(공공데이터포털)
11,2025,신입생 충원율,100,%,대학알리미(공공데이터포털)
11,2025,정원내 모집인원,1491,명,대학알리미(공공데이터포털)
11,2025,정원내 입학자,1491,명,대학알리미(공공데이터포털)
11,2025,재학생 충원율,109.4,%,대학알리미(공공데이터포털)
12,2025,정원내 신입생 경쟁률,10.4,:1,대학알리미(공공데이터포털)
12,2025,신입생 충원율,100,%,대학알리미(공공데이터포털)
12,2025,정원내 모집인원,277,명,대학알리미(공공데이터포털)
12,2025,정원내 입학자,277,명,대학알리미(공공데이터포털)
12,2025,재학생 충원율,157.2,%,대학알리미(공공데이터포털)
13,2025,정원내 신입생 경쟁률,10.8,:1,대학알리미(공공데이터포털)
13,2025,신입생 충원율,99.9,%,대학알리미(공공데이터포털)
13,2025,정원내 모집인원,1635,명,대학알리미(공공데이터포털)
13,2025,정원내 입학자,1633,명,대학알리미(공공데이터포털)
13,2025,재학생 충원율,113.5,%,대학알리미(공공데이터포털)
14,2025,정원내 신입생 경쟁률,6.1,:1,대학알리미(공공데이터포털)
14,2025,신입생 충원율,99.6,%,대학알리미(공공데이터포털)
14,2025,정원내 모집인원,1687,명,대학알리미(공공데이터포털)
14,2025,정원내 입학자,1681,명,대학알리미(공공데이터포털)
14,2025,재학생 충원율,95.7,%,대학알리미(공공데이터포털)
15,2025,정원내 신입생 경쟁률,14.5,:1,대학알리미(공공데이터포털)
15,2025,신입생 충원율,99.5,%,대학알리미(공공데이터포털)
15,2025,정원내 모집인원,2948,명,대학알리미(공공데이터포털)
15,2025,정원내 입학자,2932,명,대학알리미(공공데이터포털)
15,2025,재학생 충원율,116.3,%,대학알리미(공공데이터포털)
16,2025,정원내 신입생 경쟁률,4.8,:1,대학알리미(공공데이터포털)
16,2025,신입생 충원율,96.3,%,대학알리미(공공데이터포털)
16,2025,정원내 모집인원,1960,명,대학알리미(공공데이터포털)
16,2025,정원내 입학자,1888,명,대학알리미(공공데이터포털)
16,2025,재학생 충원율,100.8,%,대학알리미(공공데이터포털)
17,2025,정원내 신입생 경쟁률,6.2,:1,대학알리미(공공데이터포털)
17,2025,신입생 충원율,99.9,%,대학알리미(공공데이터포털)
17,2025,정원내 모집인원,1562,명,대학알리미(공공데이터포털)
17,2025,정원내 입학자,1561,명,대학알리미(공공데이터포털)
17,2025,재학생 충원율,113.3,%,대학알리미(공공데이터포털)
18,2025,정원내 신입생 경쟁률,11.3,:1,대학알리미(공공데이터포털)
18,2025,신입생 충원율,99.9,%,대학알리미(공공데이터포털)
18,2025,정원내 모집인원,5227,명,대학알리미(공공데이터포털)
18,2025,정원내 입학자,5221,명,대학알리미(공공데이터포털)
18,2025,재학생 충원율,117.7,%,대학알리미(공공데이터포털)
19,2025,정원내 신입생 경쟁률,6.9,:1,대학알리미(공공데이터포털)
19,2025,신입생 충원율,100,%,대학알리미(공공데이터포털)
19,2025,정원내 모집인원,4402,명,대학알리미(공공데이터포털)
19,2025,정원내 입학자,4400,명,대학알리미(공공데이터포털)
19,2025,재학생 충원율,93.8,%,대학알리미(공공데이터포털)
20,2025,정원내 신입생 경쟁률,6.5,:1,대학알리미(공공데이터포털)
20,2025,신입생 충원율,99.7,%,대학알리미(공공데이터포털)
20,2025,정원내 모집인원,2768,명,대학알리미(공공데이터포털)
20,2025,정원내 입학자,2761,명,대학알리미(공공데이터포털)
20,2025,재학생 충원율,113.3,%,대학알리미(공공데이터포털)
21,2025,정원내 신입생 경쟁률,4.1,:1,대학알리미(공공데이터포털)
21,2025,신입생 충원율,99.9,%,대학알리미(공공데이터포털)
21,2025,정원내 모집인원,1184,명,대학알리미(공공데이터포털)
21,2025,정원내 입학자,1183,명,대학알리미(공공데이터포털)
21,2025,재학생 충원율,107.1,%,대학알리미(공공데이터포털)
22,2025,정원내 신입생 경쟁률,5.7,:1,대학알리미(공공데이터포털)
22,2025,신입생 충원율,99.2,%,대학알리미(공공데이터포털)
22,2025,정원내 모집인원,530,명,대학알리미(공공데이터포털)
22,2025,정원내 입학자,526,명,대학알리미(공공데이터포털)
22,2025,재학생 충원율,98.8,%,대학알리미(공공데이터포털)
23,2025,정원내 신입생 경쟁률,4.9,:1,대학알리미(공공데이터포털)
23,2025,신입생 충원율,100,%,대학알리미(공공데이터포털)
23,2025,정원내 모집인원,1521,명,대학알리미(공공데이터포털)
23,2025,정원내 입학자,1521,명,대학알리미(공공데이터포털)
23,2025,재학생 충원율,112.1,%,대학알리미(공공데이터포털)
24,2025,정원내 신입생 경쟁률,16.2,:1,대학알리미(공공데이터포털)
24,2025,신입생 충원율,99.6,%,대학알리미(공공데이터포털)
24,2025,정원내 모집인원,4887,명,대학알리미(공공데이터포털)
24,2025,정원내 입학자,4866,명,대학알리미(공공데이터포털)
24,2025,재학생 충원율,127.8,%,대학알리미(공공데이터포털)
25,2025,정원내 신입생 경쟁률,7.2,:1,대학알리미(공공데이터포털)
25,2025,신입생 충원율,100,%,대학알리미(공공데이터포털)
25,2025,정원내 모집인원,4665,명,대학알리미(공공데이터포털)
25,2025,정원내 입학자,4665,명,대학알리미(공공데이터포털)
25,2025,재학생 충원율,109.6,%,대학알리미(공공데이터포털)
26,2025,정원내 신입생 경쟁률,14.7,:1,대학알리미(공공데이터포털)
26,2025,신입생 충원율,98.9,%,대학알리미(공공데이터포털)
26,2025,정원내 모집인원,4148,명,대학알리미(공공데이터포털)
26,2025,정원내 입학자,4104,명,대학알리미(공공데이터포털)
26,2025,재학생 충원율,134.7,%,대학알리미(공공데이터포털)
27,2025,정원내 신입생 경쟁률,8.6,:1,대학알리미(공공데이터포털)
27,2025,신입생 충원율,100,%,대학알리미(공공데이터포털)
27,2025,정원내 모집인원,1626,명,대학알리미(공공데이터포털)
27,2025,정원내 입학자,1626,명,대학알리미(공공데이터포털)
27,2025,재학생 충원율,113.7,%,대학알리미(공공데이터포털)
28,2025,정원내 신입생 경쟁률,6.8,:1,대학알리미(공공데이터포털)
28,2025,신입생 충원율,98.5,%,대학알리미(공공데이터포털)
28,2025,정원내 모집인원,753,명,대학알리미(공공데이터포털)
28,2025,정원내 입학자,742,명,대학알리미(공공데이터포털)
28,2025,재학생 충원율,95,%,대학알리미(공공데이터포털)
29,2025,정원내 신입생 경쟁률,5,:1,대학알리미(공공데이터포털)
29,2025,신입생 충원율,100,%,대학알리미(공공데이터포털)
29,2025,정원내 모집인원,313,명,대학알리미(공공데이터포털)
29,2025,정원내 입학자,313,명,대학알리미(공공데이터포털)
29,2025,재학생 충원율,99.3,%,대학알리미(공공데이터포털)
30,2025,정원내 신입생 경쟁률,1.4,:1,대학알리미(공공데이터포털)
30,2025,신입생 충원율,100,%,대학알리미(공공데이터포털)
30,2025,정원내 모집인원,105,명,대학알리미(공공데이터포털)
30,2025,정원내 입학자,105,명,대학알리미(공공데이터포털)
30,2025,재학생 충원율,96,%,대학알리미(공공데이터포털)
31,2025,정원내 신입생 경쟁률,14.3,:1,대학알리미(공공데이터포털)
31,2025,신입생 충원율,99.7,%,대학알리미(공공데이터포털)
31,2025,정원내 모집인원,1825,명,대학알리미(공공데이터포털)
31,2025,정원내 입학자,1820,명,대학알리미(공공데이터포털)
31,2025,재학생 충원율,119.6,%,대학알리미(공공데이터포털)
32,2025,정원내 신입생 경쟁률,0.6,:1,대학알리미(공공데이터포털)
32,2025,신입생 충원율,50,%,대학알리미(공공데이터포털)
32,2025,정원내 모집인원,40,명,대학알리미(공공데이터포털)
32,2025,정원내 입학자,20,명,대학알리미(공공데이터포털)
32,2025,재학생 충원율,38.1,%,대학알리미(공공데이터포털)
33,2025,정원내 신입생 경쟁률,18.3,:1,대학알리미(공공데이터포털)
33,2025,신입생 충원율,111,%,대학알리미(공공데이터포털)
33,2025,정원내 모집인원,200,명,대학알리미(공공데이터포털)
33,2025,정원내 입학자,222,명,대학알리미(공공데이터포털)
33,2025,재학생 충원율,115,%,대학알리미(공공데이터포털)
34,2025,정원내 신입생 경쟁률,4.7,:1,대학알리미(공공데이터포털)
34,2025,신입생 충원율,99.7,%,대학알리미(공공데이터포털)
34,2025,정원내 모집인원,289,명,대학알리미(공공데이터포털)
34,2025,정원내 입학자,288,명,대학알리미(공공데이터포털)
34,2025,재학생 충원율,99.4,%,대학알리미(공공데이터포털)
35,2025,정원내 신입생 경쟁률,5.7,:1,대학알리미(공공데이터포털)
35,2025,신입생 충원율,90.6,%,대학알리미(공공데이터포털)
35,2025,정원내 모집인원,1275,명,대학알리미(공공데이터포털)
35,2025,정원내 입학자,1155,명,대학알리미(공공데이터포털)
35,2025,재학생 충원율,90.5,%,대학알리미(공공데이터포털)
36,2025,정원내 신입생 경쟁률,4.3,:1,대학알리미(공공데이터포털)
36,2025,신입생 충원율,97.4,%,대학알리미(공공데이터포털)
36,2025,정원내 모집인원,899,명,대학알리미(공공데이터포털)
36,2025,정원내 입학자,876,명,대학알리미(공공데이터포털)
36,2025,재학생 충원율,89.7,%,대학알리미(공공데이터포털)
37,2025,정원내 신입생 경쟁률,3.6,:1,대학알리미(공공데이터포털)
37,2025,신입생 충원율,90.3,%,대학알리미(공공데이터포털)
37,2025,정원내 모집인원,1539,명,대학알리미(공공데이터포털)
37,2025,정원내 입학자,1389,명,대학알리미(공공데이터포털)
37,2025,재학생 충원율,81.8,%,대학알리미(공공데이터포털)
38,2025,정원내 신입생 경쟁률,9.2,:1,대학알리미(공공데이터포털)
38,2025,신입생 충원율,100,%,대학알리미(공공데이터포털)
38,2025,정원내 모집인원,2818,명,대학알리미(공공데이터포털)
38,2025,정원내 입학자,2818,명,대학알리미(공공데이터포털)
38,2025,재학생 충원율,109.4,%,대학알리미(공공데이터포털)
39,2025,정원내 신입생 경쟁률,4.4,:1,대학알리미(공공데이터포털)
39,2025,신입생 충원율,100,%,대학알리미(공공데이터포털)
39,2025,정원내 모집인원,1723,명,대학알리미(공공데이터포털)
39,2025,정원내 입학자,1723,명,대학알리미(공공데이터포털)
39,2025,재학생 충원율,90.6,%,대학알리미(공공데이터포털)
40,2025,정원내 신입생 경쟁률,5,:1,대학알리미(공공데이터포털)
40,2025,신입생 충원율,99.6,%,대학알리미(공공데이터포털)
40,2025,정원내 모집인원,1234,명,대학알리미(공공데이터포털)
40,2025,정원내 입학자,1229,명,대학알리미(공공데이터포털)
40,2025,재학생 충원율,99.2,%,대학알리미(공공데이터포털)
41,2025,정원내 신입생 경쟁률,5.5,:1,대학알리미(공공데이터포털)
41,2025,신입생 충원율,99.9,%,대학알리미(공공데이터포털)
41,2025,정원내 모집인원,1484,명,대학알리미(공공데이터포털)
41,2025,정원내 입학자,1483,명,대학알리미(공공데이터포털)
41,2025,재학생 충원율,93.3,%,대학알리미(공공데이터포털)
42,2025,정원내 신입생 경쟁률,7.2,:1,대학알리미(공공데이터포털)
42,2025,신입생 충원율,99.9,%,대학알리미(공공데이터포털)
42,2025,정원내 모집인원,696,명,대학알리미(공공데이터포털)
42,2025,정원내 입학자,695,명,대학알리미(공공데이터포털)
42,2025,재학생 충원율,96.7,%,대학알리미(공공데이터포털)
43,2025,정원내 신입생 경쟁률,8.9,:1,대학알리미(공공데이터포털)
43,2025,신입생 충원율,100,%,대학알리미(공공데이터포털)
43,2025,정원내 모집인원,3304,명,대학알리미(공공데이터포털)
43,2025,정원내 입학자,3303,명,대학알리미(공공데이터포털)
43,2025,재학생 충원율,114.8,%,대학알리미(공공데이터포털)
44,2025,정원내 신입생 경쟁률,5.2,:1,대학알리미(공공데이터포털)
44,2025,신입생 충원율,99.7,%,대학알리미(공공데이터포털)
44,2025,정원내 모집인원,1573,명,대학알리미(공공데이터포털)
44,2025,정원내 입학자,1569,명,대학알리미(공공데이터포털)
44,2025,재학생 충원율,98.2,%,대학알리미(공공데이터포털)
45,2025,정원내 신입생 경쟁률,6.5,:1,대학알리미(공공데이터포털)
45,2025,신입생 충원율,99.5,%,대학알리미(공공데이터포털)
45,2025,정원내 모집인원,1750,명,대학알리미(공공데이터포털)
45,2025,정원내 입학자,1741,명,대학알리미(공공데이터포털)
45,2025,재학생 충원율,105.6,%,대학알리미(공공데이터포털)
46,2025,정원내 신입생 경쟁률,6.9,:1,대학알리미(공공데이터포털)
46,2025,신입생 충원율,99.9,%,대학알리미(공공데이터포털)
46,2025,정원내 모집인원,1906,명,대학알리미(공공데이터포털)
46,2025,정원내 입학자,1905,명,대학알리미(공공데이터포털)
46,2025,재학생 충원율,103.8,%,대학알리미(공공데이터포털)
47,2025,정원내 신입생 경쟁률,8,:1,대학알리미(공공데이터포털)
47,2025,신입생 충원율,100,%,대학알리미(공공데이터포털)
47,2025,정원내 모집인원,1371,명,대학알리미(공공데이터포털)
47,2025,정원내 입학자,1371,명,대학알리미(공공데이터포털)
47,2025,재학생 충원율,115.3,%,대학알리미(공공데이터포털)
48,2025,정원내 신입생 경쟁률,8.7,:1,대학알리미(공공데이터포털)
48,2025,신입생 충원율,98.8,%,대학알리미(공공데이터포털)
48,2025,정원내 모집인원,1900,명,대학알리미(공공데이터포털)
48,2025,정원내 입학자,1877,명,대학알리미(공공데이터포털)
48,2025,재학생 충원율,108.3,%,대학알리미(공공데이터포털)
49,2025,정원내 신입생 경쟁률,11.6,:1,대학알리미(공공데이터포털)
49,2025,신입생 충원율,99.8,%,대학알리미(공공데이터포털)
49,2025,정원내 모집인원,2966,명,대학알리미(공공데이터포털)
49,2025,정원내 입학자,2961,명,대학알리미(공공데이터포털)
49,2025,재학생 충원율,121.7,%,대학알리미(공공데이터포털)
50,2025,정원내 신입생 경쟁률,4.1,:1,대학알리미(공공데이터포털)
50,2025,신입생 충원율,81.9,%,대학알리미(공공데이터포털)
50,2025,정원내 모집인원,910,명,대학알리미(공공데이터포털)
50,2025,정원내 입학자,745,명,대학알리미(공공데이터포털)
50,2025,재학생 충원율,89.2,%,대학알리미(공공데이터포털)
51,2025,정원내 신입생 경쟁률,0.4,:1,대학알리미(공공데이터포털)
51,2025,신입생 충원율,10,%,대학알리미(공공데이터포털)
51,2025,정원내 모집인원,110,명,대학알리미(공공데이터포털)
51,2025,정원내 입학자,11,명,대학알리미(공공데이터포털)
51,2025,재학생 충원율,14.1,%,대학알리미(공공데이터포털)
52,2025,정원내 신입생 경쟁률,4.3,:1,대학알리미(공공데이터포털)
52,2025,신입생 충원율,97.2,%,대학알리미(공공데이터포털)
52,2025,정원내 모집인원,634,명,대학알리미(공공데이터포털)
52,2025,정원내 입학자,616,명,대학알리미(공공데이터포털)
52,2025,재학생 충원율,90.3,%,대학알리미(공공데이터포털)
53,2025,정원내 신입생 경쟁률,5.1,:1,대학알리미(공공데이터포털)
53,2025,신입생 충원율,99.9,%,대학알리미(공공데이터포털)
53,2025,정원내 모집인원,1175,명,대학알리미(공공데이터포털)
53,2025,정원내 입학자,1174,명,대학알리미(공공데이터포털)
53,2025,재학생 충원율,93.9,%,대학알리미(공공데이터포털)
54,2025,정원내 신입생 경쟁률,5,:1,대학알리미(공공데이터포털)
54,2025,신입생 충원율,99.2,%,대학알리미(공공데이터포털)
54,2025,정원내 모집인원,621,명,대학알리미(공공데이터포털)
54,2025,정원내 입학자,616,명,대학알리미(공공데이터포털)
54,2025,재학생 충원율,94.3,%,대학알리미(공공데이터포털)
55,2025,정원내 신입생 경쟁률,7,:1,대학알리미(공공데이터포털)
55,2025,신입생 충원율,100,%,대학알리미(공공데이터포털)
55,2025,정원내 모집인원,2202,명,대학알리미(공공데이터포털)
55,2025,정원내 입학자,2202,명,대학알리미(공공데이터포털)
55,2025,재학생 충원율,101.3,%,대학알리미(공공데이터포털)
56,2025,정원내 신입생 경쟁률,12.5,:1,대학알리미(공공데이터포털)
56,2025,신입생 충원율,99.6,%,대학알리미(공공데이터포털)
56,2025,정원내 모집인원,4628,명,대학알리미(공공데이터포털)
56,2025,정원내 입학자,4608,명,대학알리미(공공데이터포털)
56,2025,재학생 충원율,116.7,%,대학알리미(공공데이터포털)
57,2025,정원내 신입생 경쟁률,6.9,:1,대학알리미(공공데이터포털)
57,2025,신입생 충원율,99.9,%,대학알리미(공공데이터포털)
57,2025,정원내 모집인원,2508,명,대학알리미(공공데이터포털)
57,2025,정원내 입학자,2506,명,대학알리미(공공데이터포털)
57,2025,재학생 충원율,108,%,대학알리미(공공데이터포털)
58,2025,정원내 신입생 경쟁률,28.5,:1,대학알리미(공공데이터포털)
58,2025,신입생 충원율,96.5,%,대학알리미(공공데이터포털)
58,2025,정원내 모집인원,200,명,대학알리미(공공데이터포털)
58,2025,정원내 입학자,193,명,대학알리미(공공데이터포털)
58,2025,재학생 충원율,109.6,%,대학알리미(공공데이터포털)
59,2025,정원내 신입생 경쟁률,5.8,:1,대학알리미(공공데이터포털)
59,2025,신입생 충원율,99.7,%,대학알리미(공공데이터포털)
59,2025,정원내 모집인원,339,명,대학알리미(공공데이터포털)
59,2025,정원내 입학자,338,명,대학알리미(공공데이터포털)
59,2025,재학생 충원율,101.9,%,대학알리미(공공데이터포털)
60,2025,정원내 신입생 경쟁률,5.3,:1,대학알리미(공공데이터포털)
60,2025,신입생 충원율,99.8,%,대학알리미(공공데이터포털)
60,2025,정원내 모집인원,3822,명,대학알리미(공공데이터포털)
60,2025,정원내 입학자,3814,명,대학알리미(공공데이터포털)
60,2025,재학생 충원율,100.9,%,대학알리미(공공데이터포털)
61,2025,정원내 신입생 경쟁률,0.6,:1,대학알리미(공공데이터포털)
61,2025,신입생 충원율,6,%,대학알리미(공공데이터포털)
61,2025,정원내 모집인원,300,명,대학알리미(공공데이터포털)
61,2025,정원내 입학자,18,명,대학알리미(공공데이터포털)
61,2025,재학생 충원율,20.1,%,대학알리미(공공데이터포털)
62,2025,정원내 신입생 경쟁률,6,:1,대학알리미(공공데이터포털)
62,2025,신입생 충원율,99.9,%,대학알리미(공공데이터포털)
62,2025,정원내 모집인원,1400,명,대학알리미(공공데이터포털)
62,2025,정원내 입학자,1398,명,대학알리미(공공데이터포털)
62,2025,재학생 충원율,114.5,%,대학알리미(공공데이터포털)
63,2025,정원내 신입생 경쟁률,2.5,:1,대학알리미(공공데이터포털)
63,2025,신입생 충원율,100,%,대학알리미(공공데이터포털)
63,2025,정원내 모집인원,150,명,대학알리미(공공데이터포털)
63,2025,정원내 입학자,150,명,대학알리미(공공데이터포털)
63,2025,재학생 충원율,268.1,%,대학알리미(공공데이터포털)
64,2025,정원내 신입생 경쟁률,0.4,:1,대학알리미(공공데이터포털)
64,2025,신입생 충원율,30,%,대학알리미(공공데이터포털)
64,2025,정원내 모집인원,40,명,대학알리미(공공데이터포털)
64,2025,정원내 입학자,12,명,대학알리미(공공데이터포털)
64,2025,재학생 충원율,21.9,%,대학알리미(공공데이터포털)
65,2025,정원내 신입생 경쟁률,6.8,:1,대학알리미(공공데이터포털)
65,2025,신입생 충원율,99.9,%,대학알리미(공공데이터포털)
65,2025,정원내 모집인원,1789,명,대학알리미(공공데이터포털)
65,2025,정원내 입학자,1788,명,대학알리미(공공데이터포털)
65,2025,재학생 충원율,103,%,대학알리미(공공데이터포털)
66,2025,정원내 신입생 경쟁률,0.5,:1,대학알리미(공공데이터포털)
66,2025,신입생 충원율,34.4,%,대학알리미(공공데이터포털)
66,2025,정원내 모집인원,32,명,대학알리미(공공데이터포털)
66,2025,정원내 입학자,11,명,대학알리미(공공데이터포털)
66,2025,재학생 충원율,37.5,%,대학알리미(공공데이터포털)
67,2025,정원내 신입생 경쟁률,6.2,:1,대학알리미(공공데이터포털)
67,2025,신입생 충원율,99.9,%,대학알리미(공공데이터포털)
67,2025,정원내 모집인원,1739,명,대학알리미(공공데이터포털)
67,2025,정원내 입학자,1737,명,대학알리미(공공데이터포털)
67,2025,재학생 충원율,111.8,%,대학알리미(공공데이터포털)
68,2025,정원내 신입생 경쟁률,15.5,:1,대학알리미(공공데이터포털)
68,2025,신입생 충원율,100,%,대학알리미(공공데이터포털)
68,2025,정원내 모집인원,1215,명,대학알리미(공공데이터포털)
68,2025,정원내 입학자,1215,명,대학알리미(공공데이터포털)
68,2025,재학생 충원율,120.2,%,대학알리미(공공데이터포털)
69,2025,정원내 신입생 경쟁률,18.7,:1,대학알리미(공공데이터포털)
69,2025,신입생 충원율,99.9,%,대학알리미(공공데이터포털)
69,2025,정원내 모집인원,2837,명,대학알리미(공공데이터포털)
69,2025,정원내 입학자,2834,명,대학알리미(공공데이터포털)
69,2025,재학생 충원율,123.4,%,대학알리미(공공데이터포털)
70,2025,정원내 신입생 경쟁률,6.3,:1,대학알리미(공공데이터포털)
70,2025,신입생 충원율,99.9,%,대학알리미(공공데이터포털)
70,2025,정원내 모집인원,1816,명,대학알리미(공공데이터포털)
70,2025,정원내 입학자,1815,명,대학알리미(공공데이터포털)
70,2025,재학생 충원율,94.5,%,대학알리미(공공데이터포털)
71,2025,정원내 신입생 경쟁률,15.8,:1,대학알리미(공공데이터포털)
71,2025,신입생 충원율,99.9,%,대학알리미(공공데이터포털)
71,2025,정원내 모집인원,1579,명,대학알리미(공공데이터포털)
71,2025,정원내 입학자,1578,명,대학알리미(공공데이터포털)
71,2025,재학생 충원율,101.3,%,대학알리미(공공데이터포털)
72,2025,정원내 신입생 경쟁률,5.8,:1,대학알리미(공공데이터포털)
72,2025,신입생 충원율,97.1,%,대학알리미(공공데이터포털)
72,2025,정원내 모집인원,1424,명,대학알리미(공공데이터포털)
72,2025,정원내 입학자,1383,명,대학알리미(공공데이터포털)
72,2025,재학생 충원율,109.4,%,대학알리미(공공데이터포털)
73,2025,정원내 신입생 경쟁률,5.2,:1,대학알리미(공공데이터포털)
73,2025,신입생 충원율,100.2,%,대학알리미(공공데이터포털)
73,2025,정원내 모집인원,2094,명,대학알리미(공공데이터포털)
73,2025,정원내 입학자,2099,명,대학알리미(공공데이터포털)
73,2025,재학생 충원율,101.9,%,대학알리미(공공데이터포털)
74,2025,정원내 신입생 경쟁률,4,:1,대학알리미(공공데이터포털)
74,2025,신입생 충원율,93.5,%,대학알리미(공공데이터포털)
74,2025,정원내 모집인원,1453,명,대학알리미(공공데이터포털)
74,2025,정원내 입학자,1359,명,대학알리미(공공데이터포털)
74,2025,재학생 충원율,93.4,%,대학알리미(공공데이터포털)
75,2025,정원내 신입생 경쟁률,6.3,:1,대학알리미(공공데이터포털)
75,2025,신입생 충원율,99.9,%,대학알리미(공공데이터포털)
75,2025,정원내 모집인원,4164,명,대학알리미(공공데이터포털)
75,2025,정원내 입학자,4159,명,대학알리미(공공데이터포털)
75,2025,재학생 충원율,107,%,대학알리미(공공데이터포털)
76,2025,정원내 신입생 경쟁률,5.4,:1,대학알리미(공공데이터포털)
76,2025,신입생 충원율,100,%,대학알리미(공공데이터포털)
76,2025,정원내 모집인원,1010,명,대학알리미(공공데이터포털)
76,2025,정원내 입학자,1010,명,대학알리미(공공데이터포털)
76,2025,재학생 충원율,106,%,대학알리미(공공데이터포털)
77,2025,정원내 신입생 경쟁률,5.2,:1,대학알리미(공공데이터포털)
77,2025,신입생 충원율,100,%,대학알리미(공공데이터포털)
77,2025,정원내 모집인원,3531,명,대학알리미(공공데이터포털)
77,2025,정원내 입학자,3531,명,대학알리미(공공데이터포털)
77,2025,재학생 충원율,99.9,%,대학알리미(공공데이터포털)
78,2025,정원내 신입생 경쟁률,3.3,:1,대학알리미(공공데이터포털)
78,2025,신입생 충원율,100,%,대학알리미(공공데이터포털)
78,2025,정원내 모집인원,85,명,대학알리미(공공데이터포털)
78,2025,정원내 입학자,85,명,대학알리미(공공데이터포털)
78,2025,재학생 충원율,88.2,%,대학알리미(공공데이터포털)
79,2025,정원내 신입생 경쟁률,11.8,:1,대학알리미(공공데이터포털)
79,2025,신입생 충원율,99.9,%,대학알리미(공공데이터포털)
79,2025,정원내 모집인원,2530,명,대학알리미(공공데이터포털)
79,2025,정원내 입학자,2528,명,대학알리미(공공데이터포털)
79,2025,재학생 충원율,128.4,%,대학알리미(공공데이터포털)
80,2025,정원내 신입생 경쟁률,6.3,:1,대학알리미(공공데이터포털)
80,2025,신입생 충원율,100,%,대학알리미(공공데이터포털)
80,2025,정원내 모집인원,1748,명,대학알리미(공공데이터포털)
80,2025,정원내 입학자,1748,명,대학알리미(공공데이터포털)
80,2025,재학생 충원율,102.2,%,대학알리미(공공데이터포털)
81,2025,정원내 신입생 경쟁률,4,:1,대학알리미(공공데이터포털)
81,2025,신입생 충원율,94.2,%,대학알리미(공공데이터포털)
81,2025,정원내 모집인원,121,명,대학알리미(공공데이터포털)
81,2025,정원내 입학자,114,명,대학알리미(공공데이터포털)
81,2025,재학생 충원율,96.5,%,대학알리미(공공데이터포털)
82,2025,정원내 신입생 경쟁률,6.6,:1,대학알리미(공공데이터포털)
82,2025,신입생 충원율,100,%,대학알리미(공공데이터포털)
82,2025,정원내 모집인원,1807,명,대학알리미(공공데이터포털)
82,2025,정원내 입학자,1807,명,대학알리미(공공데이터포털)
82,2025,재학생 충원율,97.9,%,대학알리미(공공데이터포털)
83,2025,정원내 신입생 경쟁률,8,:1,대학알리미(공공데이터포털)
83,2025,신입생 충원율,100,%,대학알리미(공공데이터포털)
83,2025,정원내 모집인원,2790,명,대학알리미(공공데이터포털)
83,2025,정원내 입학자,2790,명,대학알리미(공공데이터포털)
83,2025,재학생 충원율,101,%,대학알리미(공공데이터포털)
84,2025,정원내 신입생 경쟁률,7.1,:1,대학알리미(공공데이터포털)
84,2025,신입생 충원율,99.4,%,대학알리미(공공데이터포털)
84,2025,정원내 모집인원,697,명,대학알리미(공공데이터포털)
84,2025,정원내 입학자,693,명,대학알리미(공공데이터포털)
84,2025,재학생 충원율,121.6,%,대학알리미(공공데이터포털)
85,2025,정원내 신입생 경쟁률,5.2,:1,대학알리미(공공데이터포털)
85,2025,신입생 충원율,99.4,%,대학알리미(공공데이터포털)
85,2025,정원내 모집인원,316,명,대학알리미(공공데이터포털)
85,2025,정원내 입학자,314,명,대학알리미(공공데이터포털)
85,2025,재학생 충원율,99.1,%,대학알리미(공공데이터포털)
86,2025,정원내 신입생 경쟁률,3.6,:1,대학알리미(공공데이터포털)
86,2025,신입생 충원율,100.1,%,대학알리미(공공데이터포털)
86,2025,정원내 모집인원,1471,명,대학알리미(공공데이터포털)
86,2025,정원내 입학자,1472,명,대학알리미(공공데이터포털)
86,2025,재학생 충원율,106.6,%,대학알리미(공공데이터포털)
87,2025,정원내 신입생 경쟁률,1.8,:1,대학알리미(공공데이터포털)
87,2025,신입생 충원율,100,%,대학알리미(공공데이터포털)
87,2025,정원내 모집인원,32,명,대학알리미(공공데이터포털)
87,2025,정원내 입학자,32,명,대학알리미(공공데이터포털)
87,2025,재학생 충원율,97.7,%,대학알리미(공공데이터포털)
88,2025,정원내 신입생 경쟁률,13.7,:1,대학알리미(공공데이터포털)
88,2025,신입생 충원율,100,%,대학알리미(공공데이터포털)
88,2025,정원내 모집인원,1157,명,대학알리미(공공데이터포털)
88,2025,정원내 입학자,1157,명,대학알리미(공공데이터포털)
88,2025,재학생 충원율,113.8,%,대학알리미(공공데이터포털)
89,2025,정원내 신입생 경쟁률,12.5,:1,대학알리미(공공데이터포털)
89,2025,신입생 충원율,100.1,%,대학알리미(공공데이터포털)
89,2025,정원내 모집인원,2648,명,대학알리미(공공데이터포털)
89,2025,정원내 입학자,2650,명,대학알리미(공공데이터포털)
89,2025,재학생 충원율,109.7,%,대학알리미(공공데이터포털)
90,2025,정원내 신입생 경쟁률,6.1,:1,대학알리미(공공데이터포털)
90,2025,신입생 충원율,99.7,%,대학알리미(공공데이터포털)
90,2025,정원내 모집인원,1531,명,대학알리미(공공데이터포털)
90,2025,정원내 입학자,1526,명,대학알리미(공공데이터포털)
90,2025,재학생 충원율,80.8,%,대학알리미(공공데이터포털)
91,2025,정원내 신입생 경쟁률,20.1,:1,대학알리미(공공데이터포털)
91,2025,신입생 충원율,99,%,대학알리미(공공데이터포털)
91,2025,정원내 모집인원,1616,명,대학알리미(공공데이터포털)
91,2025,정원내 입학자,1600,명,대학알리미(공공데이터포털)
91,2025,재학생 충원율,132.1,%,대학알리미(공공데이터포털)
92,2025,정원내 신입생 경쟁률,18.8,:1,대학알리미(공공데이터포털)
92,2025,신입생 충원율,100,%,대학알리미(공공데이터포털)
92,2025,정원내 모집인원,1309,명,대학알리미(공공데이터포털)
92,2025,정원내 입학자,1309,명,대학알리미(공공데이터포털)
92,2025,재학생 충원율,132.1,%,대학알리미(공공데이터포털)
93,2025,정원내 신입생 경쟁률,13.6,:1,대학알리미(공공데이터포털)
93,2025,신입생 충원율,99.9,%,대학알리미(공공데이터포털)
93,2025,정원내 모집인원,2228,명,대학알리미(공공데이터포털)
93,2025,정원내 입학자,2226,명,대학알리미(공공데이터포털)
93,2025,재학생 충원율,119.2,%,대학알리미(공공데이터포털)
94,2025,정원내 신입생 경쟁률,4.3,:1,대학알리미(공공데이터포털)
94,2025,신입생 충원율,99.7,%,대학알리미(공공데이터포털)
94,2025,정원내 모집인원,314,명,대학알리미(공공데이터포털)
94,2025,정원내 입학자,313,명,대학알리미(공공데이터포털)
94,2025,재학생 충원율,93.3,%,대학알리미(공공데이터포털)
95,2025,정원내 신입생 경쟁률,3.1,:1,대학알리미(공공데이터포털)
95,2025,신입생 충원율,83.9,%,대학알리미(공공데이터포털)
95,2025,정원내 모집인원,143,명,대학알리미(공공데이터포털)
95,2025,정원내 입학자,120,명,대학알리미(공공데이터포털)
95,2025,재학생 충원율,238.2,%,대학알리미(공공데이터포털)
96,2025,정원내 신입생 경쟁률,7.1,:1,대학알리미(공공데이터포털)
96,2025,신입생 충원율,99.7,%,대학알리미(공공데이터포털)
96,2025,정원내 모집인원,3477,명,대학알리미(공공데이터포털)
96,2025,정원내 입학자,3465,명,대학알리미(공공데이터포털)
96,2025,재학생 충원율,125.5,%,대학알리미(공공데이터포털)
97,2025,정원내 신입생 경쟁률,5.4,:1,대학알리미(공공데이터포털)
97,2025,신입생 충원율,100,%,대학알리미(공공데이터포털)
97,2025,정원내 모집인원,477,명,대학알리미(공공데이터포털)
97,2025,정원내 입학자,477,명,대학알리미(공공데이터포털)
97,2025,재학생 충원율,106.4,%,대학알리미(공공데이터포털)
98,2025,정원내 신입생 경쟁률,13.2,:1,대학알리미(공공데이터포털)
98,2025,신입생 충원율,99.9,%,대학알리미(공공데이터포털)
98,2025,정원내 모집인원,1611,명,대학알리미(공공데이터포털)
98,2025,정원내 입학자,1610,명,대학알리미(공공데이터포털)
98,2025,재학생 충원율,117.2,%,대학알리미(공공데이터포털)
99,2025,정원내 신입생 경쟁률,3.3,:1,대학알리미(공공데이터포털)
99,2025,신입생 충원율,100,%,대학알리미(공공데이터포털)
99,2025,정원내 모집인원,85,명,대학알리미(공공데이터포털)
99,2025,정원내 입학자,85,명,대학알리미(공공데이터포털)
99,2025,재학생 충원율,87.6,%,대학알리미(공공데이터포털)
100,2025,정원내 신입생 경쟁률,7.6,:1,대학알리미(공공데이터포털)
100,2025,신입생 충원율,99.5,%,대학알리미(공공데이터포털)
100,2025,정원내 모집인원,182,명,대학알리미(공공데이터포털)
100,2025,정원내 입학자,181,명,대학알리미(공공데이터포털)
100,2025,재학생 충원율,108.1,%,대학알리미(공공데이터포털)
101,2025,정원내 신입생 경쟁률,6.4,:1,대학알리미(공공데이터포털)
101,2025,신입생 충원율,100,%,대학알리미(공공데이터포털)
101,2025,정원내 모집인원,1622,명,대학알리미(공공데이터포털)
101,2025,정원내 입학자,1622,명,대학알리미(공공데이터포털)
101,2025,재학생 충원율,117.9,%,대학알리미(공공데이터포털)
102,2025,정원내 신입생 경쟁률,4.1,:1,대학알리미(공공데이터포털)
102,2025,신입생 충원율,100,%,대학알리미(공공데이터포털)
102,2025,정원내 모집인원,2059,명,대학알리미(공공데이터포털)
102,2025,정원내 입학자,2059,명,대학알리미(공공데이터포털)
102,2025,재학생 충원율,102.4,%,대학알리미(공공데이터포털)
103,2025,정원내 신입생 경쟁률,8.5,:1,대학알리미(공공데이터포털)
103,2025,신입생 충원율,100,%,대학알리미(공공데이터포털)
103,2025,정원내 모집인원,1229,명,대학알리미(공공데이터포털)
103,2025,정원내 입학자,1229,명,대학알리미(공공데이터포털)
103,2025,재학생 충원율,106.7,%,대학알리미(공공데이터포털)
104,2025,정원내 신입생 경쟁률,6.1,:1,대학알리미(공공데이터포털)
104,2025,신입생 충원율,100.4,%,대학알리미(공공데이터포털)
104,2025,정원내 모집인원,502,명,대학알리미(공공데이터포털)
104,2025,정원내 입학자,504,명,대학알리미(공공데이터포털)
104,2025,재학생 충원율,111.3,%,대학알리미(공공데이터포털)
105,2025,정원내 신입생 경쟁률,22.4,:1,대학알리미(공공데이터포털)
105,2025,신입생 충원율,99.4,%,대학알리미(공공데이터포털)
105,2025,정원내 모집인원,3552,명,대학알리미(공공데이터포털)
105,2025,정원내 입학자,3529,명,대학알리미(공공데이터포털)
105,2025,재학생 충원율,142.2,%,대학알리미(공공데이터포털)
106,2025,정원내 신입생 경쟁률,12.4,:1,대학알리미(공공데이터포털)
106,2025,신입생 충원율,99.7,%,대학알리미(공공데이터포털)
106,2025,정원내 모집인원,2067,명,대학알리미(공공데이터포털)
106,2025,정원내 입학자,2061,명,대학알리미(공공데이터포털)
106,2025,재학생 충원율,110,%,대학알리미(공공데이터포털)
107,2025,정원내 신입생 경쟁률,4.7,:1,대학알리미(공공데이터포털)
107,2025,신입생 충원율,98.4,%,대학알리미(공공데이터포털)
107,2025,정원내 모집인원,1472,명,대학알리미(공공데이터포털)
107,2025,정원내 입학자,1449,명,대학알리미(공공데이터포털)
107,2025,재학생 충원율,84.5,%,대학알리미(공공데이터포털)
108,2025,정원내 신입생 경쟁률,16.3,:1,대학알리미(공공데이터포털)
108,2025,신입생 충원율,100,%,대학알리미(공공데이터포털)
108,2025,정원내 모집인원,2564,명,대학알리미(공공데이터포털)
108,2025,정원내 입학자,2564,명,대학알리미(공공데이터포털)
108,2025,재학생 충원율,133.4,%,대학알리미(공공데이터포털)
109,2025,정원내 신입생 경쟁률,3.2,:1,대학알리미(공공데이터포털)
109,2025,신입생 충원율,93.2,%,대학알리미(공공데이터포털)
109,2025,정원내 모집인원,820,명,대학알리미(공공데이터포털)
109,2025,정원내 입학자,764,명,대학알리미(공공데이터포털)
109,2025,재학생 충원율,96.1,%,대학알리미(공공데이터포털)
110,2025,정원내 신입생 경쟁률,3.4,:1,대학알리미(공공데이터포털)
110,2025,신입생 충원율,98.9,%,대학알리미(공공데이터포털)
110,2025,정원내 모집인원,640,명,대학알리미(공공데이터포털)
110,2025,정원내 입학자,633,명,대학알리미(공공데이터포털)
110,2025,재학생 충원율,96.2,%,대학알리미(공공데이터포털)
111,2025,정원내 신입생 경쟁률,0.4,:1,대학알리미(공공데이터포털)
111,2025,신입생 충원율,30,%,대학알리미(공공데이터포털)
111,2025,정원내 모집인원,90,명,대학알리미(공공데이터포털)
111,2025,정원내 입학자,27,명,대학알리미(공공데이터포털)
111,2025,재학생 충원율,26.7,%,대학알리미(공공데이터포털)
112,2025,정원내 신입생 경쟁률,13.9,:1,대학알리미(공공데이터포털)
112,2025,신입생 충원율,99.9,%,대학알리미(공공데이터포털)
112,2025,정원내 모집인원,2130,명,대학알리미(공공데이터포털)
112,2025,정원내 입학자,2127,명,대학알리미(공공데이터포털)
112,2025,재학생 충원율,98.2,%,대학알리미(공공데이터포털)
113,2025,정원내 신입생 경쟁률,12.2,:1,대학알리미(공공데이터포털)
113,2025,신입생 충원율,100,%,대학알리미(공공데이터포털)
113,2025,정원내 모집인원,2160,명,대학알리미(공공데이터포털)
113,2025,정원내 입학자,2159,명,대학알리미(공공데이터포털)
113,2025,재학생 충원율,117,%,대학알리미(공공데이터포털)
114,2025,정원내 신입생 경쟁률,8.4,:1,대학알리미(공공데이터포털)
114,2025,신입생 충원율,100,%,대학알리미(공공데이터포털)
114,2025,정원내 모집인원,2524,명,대학알리미(공공데이터포털)
114,2025,정원내 입학자,2525,명,대학알리미(공공데이터포털)
114,2025,재학생 충원율,113,%,대학알리미(공공데이터포털)
115,2025,정원내 신입생 경쟁률,15.4,:1,대학알리미(공공데이터포털)
115,2025,신입생 충원율,99.8,%,대학알리미(공공데이터포털)
115,2025,정원내 모집인원,2689,명,대학알리미(공공데이터포털)
115,2025,정원내 입학자,2683,명,대학알리미(공공데이터포털)
115,2025,재학생 충원율,136.8,%,대학알리미(공공데이터포털)
116,2025,정원내 신입생 경쟁률,1.1,:1,대학알리미(공공데이터포털)
116,2025,신입생 충원율,80.9,%,대학알리미(공공데이터포털)
116,2025,정원내 모집인원,790,명,대학알리미(공공데이터포털)
116,2025,정원내 입학자,639,명,대학알리미(공공데이터포털)
116,2025,재학생 충원율,39.5,%,대학알리미(공공데이터포털)
117,2025,정원내 신입생 경쟁률,5.2,:1,대학알리미(공공데이터포털)
117,2025,신입생 충원율,93.8,%,대학알리미(공공데이터포털)
117,2025,정원내 모집인원,1640,명,대학알리미(공공데이터포털)
117,2025,정원내 입학자,1539,명,대학알리미(공공데이터포털)
117,2025,재학생 충원율,100.2,%,대학알리미(공공데이터포털)
118,2025,정원내 신입생 경쟁률,12,:1,대학알리미(공공데이터포털)
118,2025,신입생 충원율,100,%,대학알리미(공공데이터포털)
118,2025,정원내 모집인원,1405,명,대학알리미(공공데이터포털)
118,2025,정원내 입학자,1405,명,대학알리미(공공데이터포털)
118,2025,재학생 충원율,115.3,%,대학알리미(공공데이터포털)
119,2025,정원내 신입생 경쟁률,0.8,:1,대학알리미(공공데이터포털)
119,2025,신입생 충원율,38.5,%,대학알리미(공공데이터포털)
119,2025,정원내 모집인원,130,명,대학알리미(공공데이터포털)
119,2025,정원내 입학자,50,명,대학알리미(공공데이터포털)
119,2025,재학생 충원율,56.2,%,대학알리미(공공데이터포털)
120,2025,정원내 신입생 경쟁률,17.5,:1,대학알리미(공공데이터포털)
120,2025,신입생 충원율,100,%,대학알리미(공공데이터포털)
120,2025,정원내 모집인원,2074,명,대학알리미(공공데이터포털)
120,2025,정원내 입학자,2073,명,대학알리미(공공데이터포털)
120,2025,재학생 충원율,128.3,%,대학알리미(공공데이터포털)
121,2025,정원내 신입생 경쟁률,11.2,:1,대학알리미(공공데이터포털)
121,2025,신입생 충원율,100.4,%,대학알리미(공공데이터포털)
121,2025,정원내 모집인원,1129,명,대학알리미(공공데이터포털)
121,2025,정원내 입학자,1133,명,대학알리미(공공데이터포털)
121,2025,재학생 충원율,102.6,%,대학알리미(공공데이터포털)
122,2025,정원내 신입생 경쟁률,11.5,:1,대학알리미(공공데이터포털)
122,2025,신입생 충원율,101.5,%,대학알리미(공공데이터포털)
122,2025,정원내 모집인원,3569,명,대학알리미(공공데이터포털)
122,2025,정원내 입학자,3622,명,대학알리미(공공데이터포털)
122,2025,재학생 충원율,146.3,%,대학알리미(공공데이터포털)
123,2025,정원내 신입생 경쟁률,9.1,:1,대학알리미(공공데이터포털)
123,2025,신입생 충원율,99.9,%,대학알리미(공공데이터포털)
123,2025,정원내 모집인원,1416,명,대학알리미(공공데이터포털)
123,2025,정원내 입학자,1415,명,대학알리미(공공데이터포털)
123,2025,재학생 충원율,122.7,%,대학알리미(공공데이터포털)
124,2025,정원내 신입생 경쟁률,6.3,:1,대학알리미(공공데이터포털)
124,2025,신입생 충원율,100,%,대학알리미(공공데이터포털)
124,2025,정원내 모집인원,4646,명,대학알리미(공공데이터포털)
124,2025,정원내 입학자,4645,명,대학알리미(공공데이터포털)
124,2025,재학생 충원율,110.8,%,대학알리미(공공데이터포털)
125,2025,정원내 신입생 경쟁률,1.8,:1,대학알리미(공공데이터포털)
125,2025,신입생 충원율,100,%,대학알리미(공공데이터포털)
125,2025,정원내 모집인원,115,명,대학알리미(공공데이터포털)
125,2025,정원내 입학자,115,명,대학알리미(공공데이터포털)
125,2025,재학생 충원율,80.7,%,대학알리미(공공데이터포털)
126,2025,정원내 신입생 경쟁률,4,:1,대학알리미(공공데이터포털)
126,2025,신입생 충원율,99.8,%,대학알리미(공공데이터포털)
126,2025,정원내 모집인원,1294,명,대학알리미(공공데이터포털)
126,2025,정원내 입학자,1291,명,대학알리미(공공데이터포털)
126,2025,재학생 충원율,106.2,%,대학알리미(공공데이터포털)
127,2025,정원내 신입생 경쟁률,0.1,:1,대학알리미(공공데이터포털)
127,2025,신입생 충원율,6,%,대학알리미(공공데이터포털)
127,2025,정원내 모집인원,50,명,대학알리미(공공데이터포털)
127,2025,정원내 입학자,3,명,대학알리미(공공데이터포털)
127,2025,재학생 충원율,11.5,%,대학알리미(공공데이터포털)
128,2025,정원내 신입생 경쟁률,7.4,:1,대학알리미(공공데이터포털)
128,2025,신입생 충원율,100,%,대학알리미(공공데이터포털)
128,2025,정원내 모집인원,115,명,대학알리미(공공데이터포털)
128,2025,정원내 입학자,115,명,대학알리미(공공데이터포털)
128,2025,재학생 충원율,104.3,%,대학알리미(공공데이터포털)
129,2025,정원내 신입생 경쟁률,5.9,:1,대학알리미(공공데이터포털)
129,2025,신입생 충원율,98.3,%,대학알리미(공공데이터포털)
129,2025,정원내 모집인원,236,명,대학알리미(공공데이터포털)
129,2025,정원내 입학자,232,명,대학알리미(공공데이터포털)
129,2025,재학생 충원율,127.7,%,대학알리미(공공데이터포털)
130,2025,정원내 신입생 경쟁률,10.2,:1,대학알리미(공공데이터포털)
130,2025,신입생 충원율,99.9,%,대학알리미(공공데이터포털)
130,2025,정원내 모집인원,1262,명,대학알리미(공공데이터포털)
130,2025,정원내 입학자,1261,명,대학알리미(공공데이터포털)
130,2025,재학생 충원율,105.5,%,대학알리미(공공데이터포털)
131,2025,정원내 신입생 경쟁률,4.9,:1,대학알리미(공공데이터포털)
131,2025,신입생 충원율,100,%,대학알리미(공공데이터포털)
131,2025,정원내 모집인원,1487,명,대학알리미(공공데이터포털)
131,2025,정원내 입학자,1487,명,대학알리미(공공데이터포털)
131,2025,재학생 충원율,105.3,%,대학알리미(공공데이터포털)
132,2025,정원내 신입생 경쟁률,8.6,:1,대학알리미(공공데이터포털)
132,2025,신입생 충원율,100,%,대학알리미(공공데이터포털)
132,2025,정원내 모집인원,1994,명,대학알리미(공공데이터포털)
132,2025,정원내 입학자,1994,명,대학알리미(공공데이터포털)
132,2025,재학생 충원율,120.9,%,대학알리미(공공데이터포털)
133,2025,정원내 신입생 경쟁률,17.3,:1,대학알리미(공공데이터포털)
133,2025,신입생 충원율,104.3,%,대학알리미(공공데이터포털)
133,2025,정원내 모집인원,400,명,대학알리미(공공데이터포털)
133,2025,정원내 입학자,417,명,대학알리미(공공데이터포털)
133,2025,재학생 충원율,118.3,%,대학알리미(공공데이터포털)
134,2025,정원내 신입생 경쟁률,5.1,:1,대학알리미(공공데이터포털)
134,2025,신입생 충원율,99.5,%,대학알리미(공공데이터포털)
134,2025,정원내 모집인원,2579,명,대학알리미(공공데이터포털)
134,2025,정원내 입학자,2565,명,대학알리미(공공데이터포털)
134,2025,재학생 충원율,99.3,%,대학알리미(공공데이터포털)
135,2025,정원내 신입생 경쟁률,5.6,:1,대학알리미(공공데이터포털)
135,2025,신입생 충원율,99.8,%,대학알리미(공공데이터포털)
135,2025,정원내 모집인원,2869,명,대학알리미(공공데이터포털)
135,2025,정원내 입학자,2864,명,대학알리미(공공데이터포털)
135,2025,재학생 충원율,98.1,%,대학알리미(공공데이터포털)
136,2025,정원내 신입생 경쟁률,3.1,:1,대학알리미(공공데이터포털)
136,2025,신입생 충원율,98,%,대학알리미(공공데이터포털)
136,2025,정원내 모집인원,556,명,대학알리미(공공데이터포털)
136,2025,정원내 입학자,545,명,대학알리미(공공데이터포털)
136,2025,재학생 충원율,85.7,%,대학알리미(공공데이터포털)
137,2025,정원내 신입생 경쟁률,3,:1,대학알리미(공공데이터포털)
137,2025,신입생 충원율,99.8,%,대학알리미(공공데이터포털)
137,2025,정원내 모집인원,875,명,대학알리미(공공데이터포털)
137,2025,정원내 입학자,873,명,대학알리미(공공데이터포털)
137,2025,재학생 충원율,115.2,%,대학알리미(공공데이터포털)
138,2025,정원내 신입생 경쟁률,12.3,:1,대학알리미(공공데이터포털)
138,2025,신입생 충원율,100,%,대학알리미(공공데이터포털)
138,2025,정원내 모집인원,1079,명,대학알리미(공공데이터포털)
138,2025,정원내 입학자,1079,명,대학알리미(공공데이터포털)
138,2025,재학생 충원율,109.5,%,대학알리미(공공데이터포털)
139,2025,정원내 신입생 경쟁률,9.8,:1,대학알리미(공공데이터포털)
139,2025,신입생 충원율,99.5,%,대학알리미(공공데이터포털)
139,2025,정원내 모집인원,3270,명,대학알리미(공공데이터포털)
139,2025,정원내 입학자,3253,명,대학알리미(공공데이터포털)
139,2025,재학생 충원율,127.2,%,대학알리미(공공데이터포털)
140,2025,정원내 신입생 경쟁률,5.6,:1,대학알리미(공공데이터포털)
140,2025,신입생 충원율,98.7,%,대학알리미(공공데이터포털)
140,2025,정원내 모집인원,1618,명,대학알리미(공공데이터포털)
140,2025,정원내 입학자,1597,명,대학알리미(공공데이터포털)
140,2025,재학생 충원율,107.9,%,대학알리미(공공데이터포털)
141,2025,정원내 신입생 경쟁률,7,:1,대학알리미(공공데이터포털)
141,2025,신입생 충원율,99.4,%,대학알리미(공공데이터포털)
141,2025,정원내 모집인원,165,명,대학알리미(공공데이터포털)
141,2025,정원내 입학자,164,명,대학알리미(공공데이터포털)
141,2025,재학생 충원율,105.4,%,대학알리미(공공데이터포털)
142,2025,정원내 신입생 경쟁률,11.2,:1,대학알리미(공공데이터포털)
142,2025,신입생 충원율,100,%,대학알리미(공공데이터포털)
142,2025,정원내 모집인원,2520,명,대학알리미(공공데이터포털)
142,2025,정원내 입학자,2519,명,대학알리미(공공데이터포털)
142,2025,재학생 충원율,112.3,%,대학알리미(공공데이터포털)
143,2025,정원내 신입생 경쟁률,13.6,:1,대학알리미(공공데이터포털)
143,2025,신입생 충원율,99.9,%,대학알리미(공공데이터포털)
143,2025,정원내 모집인원,3607,명,대학알리미(공공데이터포털)
143,2025,정원내 입학자,3603,명,대학알리미(공공데이터포털)
143,2025,재학생 충원율,125.3,%,대학알리미(공공데이터포털)
144,2025,정원내 신입생 경쟁률,3.4,:1,대학알리미(공공데이터포털)
144,2025,신입생 충원율,100,%,대학알리미(공공데이터포털)
144,2025,정원내 모집인원,151,명,대학알리미(공공데이터포털)
144,2025,정원내 입학자,151,명,대학알리미(공공데이터포털)
144,2025,재학생 충원율,95.3,%,대학알리미(공공데이터포털)
145,2025,정원내 신입생 경쟁률,6.9,:1,대학알리미(공공데이터포털)
145,2025,신입생 충원율,99.8,%,대학알리미(공공데이터포털)
145,2025,정원내 모집인원,4453,명,대학알리미(공공데이터포털)
145,2025,정원내 입학자,4446,명,대학알리미(공공데이터포털)
145,2025,재학생 충원율,108.4,%,대학알리미(공공데이터포털)
146,2025,정원내 신입생 경쟁률,7.4,:1,대학알리미(공공데이터포털)
146,2025,신입생 충원율,99.9,%,대학알리미(공공데이터포털)
146,2025,정원내 모집인원,4054,명,대학알리미(공공데이터포털)
146,2025,정원내 입학자,4050,명,대학알리미(공공데이터포털)
146,2025,재학생 충원율,110.3,%,대학알리미(공공데이터포털)
147,2025,정원내 신입생 경쟁률,4.8,:1,대학알리미(공공데이터포털)
147,2025,신입생 충원율,100,%,대학알리미(공공데이터포털)
147,2025,정원내 모집인원,253,명,대학알리미(공공데이터포털)
147,2025,정원내 입학자,253,명,대학알리미(공공데이터포털)
147,2025,재학생 충원율,92.1,%,대학알리미(공공데이터포털)
148,2025,정원내 신입생 경쟁률,4.7,:1,대학알리미(공공데이터포털)
148,2025,신입생 충원율,99.6,%,대학알리미(공공데이터포털)
148,2025,정원내 모집인원,2512,명,대학알리미(공공데이터포털)
148,2025,정원내 입학자,2501,명,대학알리미(공공데이터포털)
148,2025,재학생 충원율,100,%,대학알리미(공공데이터포털)
149,2025,정원내 신입생 경쟁률,0.1,:1,대학알리미(공공데이터포털)
149,2025,신입생 충원율,2.7,%,대학알리미(공공데이터포털)
149,2025,정원내 모집인원,370,명,대학알리미(공공데이터포털)
149,2025,정원내 입학자,10,명,대학알리미(공공데이터포털)
149,2025,재학생 충원율,17.8,%,대학알리미(공공데이터포털)
150,2025,정원내 신입생 경쟁률,6.5,:1,대학알리미(공공데이터포털)
150,2025,신입생 충원율,99.9,%,대학알리미(공공데이터포털)
150,2025,정원내 모집인원,2183,명,대학알리미(공공데이터포털)
150,2025,정원내 입학자,2181,명,대학알리미(공공데이터포털)
150,2025,재학생 충원율,104.5,%,대학알리미(공공데이터포털)
151,2025,정원내 신입생 경쟁률,5.7,:1,대학알리미(공공데이터포털)
151,2025,신입생 충원율,99.9,%,대학알리미(공공데이터포털)
151,2025,정원내 모집인원,4360,명,대학알리미(공공데이터포털)
151,2025,정원내 입학자,4355,명,대학알리미(공공데이터포털)
151,2025,재학생 충원율,100.2,%,대학알리미(공공데이터포털)
152,2025,정원내 신입생 경쟁률,7.5,:1,대학알리미(공공데이터포털)
152,2025,신입생 충원율,100.1,%,대학알리미(공공데이터포털)
152,2025,정원내 모집인원,1641,명,대학알리미(공공데이터포털)
152,2025,정원내 입학자,1643,명,대학알리미(공공데이터포털)
152,2025,재학생 충원율,99.4,%,대학알리미(공공데이터포털)
153,2025,정원내 신입생 경쟁률,20.7,:1,대학알리미(공공데이터포털)
153,2025,신입생 충원율,100,%,대학알리미(공공데이터포털)
153,2025,정원내 모집인원,4379,명,대학알리미(공공데이터포털)
153,2025,정원내 입학자,4378,명,대학알리미(공공데이터포털)
153,2025,재학생 충원율,132,%,대학알리미(공공데이터포털)
154,2025,정원내 신입생 경쟁률,0.1,:1,대학알리미(공공데이터포털)
154,2025,신입생 충원율,10,%,대학알리미(공공데이터포털)
154,2025,정원내 모집인원,120,명,대학알리미(공공데이터포털)
154,2025,정원내 입학자,12,명,대학알리미(공공데이터포털)
154,2025,재학생 충원율,11,%,대학알리미(공공데이터포털)
155,2025,정원내 신입생 경쟁률,3.6,:1,대학알리미(공공데이터포털)
155,2025,신입생 충원율,98.1,%,대학알리미(공공데이터포털)
155,2025,정원내 모집인원,770,명,대학알리미(공공데이터포털)
155,2025,정원내 입학자,755,명,대학알리미(공공데이터포털)
155,2025,재학생 충원율,105.5,%,대학알리미(공공데이터포털)
156,2025,정원내 신입생 경쟁률,5.4,:1,대학알리미(공공데이터포털)
156,2025,신입생 충원율,100,%,대학알리미(공공데이터포털)
156,2025,정원내 모집인원,283,명,대학알리미(공공데이터포털)
156,2025,정원내 입학자,283,명,대학알리미(공공데이터포털)
156,2025,재학생 충원율,97.4,%,대학알리미(공공데이터포털)
157,2025,정원내 신입생 경쟁률,7.1,:1,대학알리미(공공데이터포털)
157,2025,신입생 충원율,100,%,대학알리미(공공데이터포털)
157,2025,정원내 모집인원,504,명,대학알리미(공공데이터포털)
157,2025,정원내 입학자,504,명,대학알리미(공공데이터포털)
157,2025,재학생 충원율,105.3,%,대학알리미(공공데이터포털)
158,2025,정원내 신입생 경쟁률,7.4,:1,대학알리미(공공데이터포털)
158,2025,신입생 충원율,100,%,대학알리미(공공데이터포털)
158,2025,정원내 모집인원,345,명,대학알리미(공공데이터포털)
158,2025,정원내 입학자,345,명,대학알리미(공공데이터포털)
158,2025,재학생 충원율,118.1,%,대학알리미(공공데이터포털)
160,2025,정원내 신입생 경쟁률,6.7,:1,대학알리미(공공데이터포털)
160,2025,신입생 충원율,100,%,대학알리미(공공데이터포털)
160,2025,정원내 모집인원,254,명,대학알리미(공공데이터포털)
160,2025,정원내 입학자,254,명,대학알리미(공공데이터포털)
160,2025,재학생 충원율,96.8,%,대학알리미(공공데이터포털)
161,2025,정원내 신입생 경쟁률,6.1,:1,대학알리미(공공데이터포털)
161,2025,신입생 충원율,99.9,%,대학알리미(공공데이터포털)
161,2025,정원내 모집인원,2629,명,대학알리미(공공데이터포털)
161,2025,정원내 입학자,2627,명,대학알리미(공공데이터포털)
161,2025,재학생 충원율,112.7,%,대학알리미(공공데이터포털)
162,2025,정원내 신입생 경쟁률,2.7,:1,대학알리미(공공데이터포털)
162,2025,신입생 충원율,70,%,대학알리미(공공데이터포털)
162,2025,정원내 모집인원,717,명,대학알리미(공공데이터포털)
162,2025,정원내 입학자,502,명,대학알리미(공공데이터포털)
162,2025,재학생 충원율,76.6,%,대학알리미(공공데이터포털)
163,2025,정원내 신입생 경쟁률,5.3,:1,대학알리미(공공데이터포털)
163,2025,신입생 충원율,100,%,대학알리미(공공데이터포털)
163,2025,정원내 모집인원,307,명,대학알리미(공공데이터포털)
163,2025,정원내 입학자,307,명,대학알리미(공공데이터포털)
163,2025,재학생 충원율,113.8,%,대학알리미(공공데이터포털)
164,2025,정원내 신입생 경쟁률,11.1,:1,대학알리미(공공데이터포털)
164,2025,신입생 충원율,100,%,대학알리미(공공데이터포털)
164,2025,정원내 모집인원,250,명,대학알리미(공공데이터포털)
164,2025,정원내 입학자,250,명,대학알리미(공공데이터포털)
164,2025,재학생 충원율,111.3,%,대학알리미(공공데이터포털)
165,2025,정원내 신입생 경쟁률,5.2,:1,대학알리미(공공데이터포털)
165,2025,신입생 충원율,100,%,대학알리미(공공데이터포털)
165,2025,정원내 모집인원,283,명,대학알리미(공공데이터포털)
165,2025,정원내 입학자,283,명,대학알리미(공공데이터포털)
165,2025,재학생 충원율,95.3,%,대학알리미(공공데이터포털)
166,2025,정원내 신입생 경쟁률,10.3,:1,대학알리미(공공데이터포털)
166,2025,신입생 충원율,100,%,대학알리미(공공데이터포털)
166,2025,정원내 모집인원,3739,명,대학알리미(공공데이터포털)
166,2025,정원내 입학자,3738,명,대학알리미(공공데이터포털)
166,2025,재학생 충원율,118.2,%,대학알리미(공공데이터포털)
167,2025,정원내 신입생 경쟁률,11.8,:1,대학알리미(공공데이터포털)
167,2025,신입생 충원율,100.1,%,대학알리미(공공데이터포털)
167,2025,정원내 모집인원,3095,명,대학알리미(공공데이터포털)
167,2025,정원내 입학자,3098,명,대학알리미(공공데이터포털)
167,2025,재학생 충원율,110.6,%,대학알리미(공공데이터포털)
168,2025,정원내 신입생 경쟁률,3.2,:1,대학알리미(공공데이터포털)
168,2025,신입생 충원율,100,%,대학알리미(공공데이터포털)
168,2025,정원내 모집인원,90,명,대학알리미(공공데이터포털)
168,2025,정원내 입학자,90,명,대학알리미(공공데이터포털)
168,2025,재학생 충원율,599.7,%,대학알리미(공공데이터포털)
169,2025,정원내 신입생 경쟁률,8.8,:1,대학알리미(공공데이터포털)
169,2025,신입생 충원율,100,%,대학알리미(공공데이터포털)
169,2025,정원내 모집인원,831,명,대학알리미(공공데이터포털)
169,2025,정원내 입학자,831,명,대학알리미(공공데이터포털)
169,2025,재학생 충원율,93.3,%,대학알리미(공공데이터포털)
170,2025,정원내 신입생 경쟁률,9.5,:1,대학알리미(공공데이터포털)
170,2025,신입생 충원율,98.8,%,대학알리미(공공데이터포털)
170,2025,정원내 모집인원,320,명,대학알리미(공공데이터포털)
170,2025,정원내 입학자,316,명,대학알리미(공공데이터포털)
170,2025,재학생 충원율,115.4,%,대학알리미(공공데이터포털)
171,2025,정원내 신입생 경쟁률,7.2,:1,대학알리미(공공데이터포털)
171,2025,신입생 충원율,100,%,대학알리미(공공데이터포털)
171,2025,정원내 모집인원,1273,명,대학알리미(공공데이터포털)
171,2025,정원내 입학자,1273,명,대학알리미(공공데이터포털)
171,2025,재학생 충원율,110.5,%,대학알리미(공공데이터포털)
172,2025,정원내 신입생 경쟁률,8.7,:1,대학알리미(공공데이터포털)
172,2025,신입생 충원율,100.1,%,대학알리미(공공데이터포털)
172,2025,정원내 모집인원,1410,명,대학알리미(공공데이터포털)
172,2025,정원내 입학자,1411,명,대학알리미(공공데이터포털)
172,2025,재학생 충원율,136.9,%,대학알리미(공공데이터포털)
173,2025,정원내 신입생 경쟁률,10.2,:1,대학알리미(공공데이터포털)
173,2025,신입생 충원율,101.2,%,대학알리미(공공데이터포털)
173,2025,정원내 모집인원,730,명,대학알리미(공공데이터포털)
173,2025,정원내 입학자,739,명,대학알리미(공공데이터포털)
173,2025,재학생 충원율,103.3,%,대학알리미(공공데이터포털)
174,2025,정원내 신입생 경쟁률,5.7,:1,대학알리미(공공데이터포털)
174,2025,신입생 충원율,99.4,%,대학알리미(공공데이터포털)
174,2025,정원내 모집인원,534,명,대학알리미(공공데이터포털)
174,2025,정원내 입학자,531,명,대학알리미(공공데이터포털)
174,2025,재학생 충원율,107.9,%,대학알리미(공공데이터포털)
175,2025,정원내 신입생 경쟁률,8.1,:1,대학알리미(공공데이터포털)
175,2025,신입생 충원율,100,%,대학알리미(공공데이터포털)
175,2025,정원내 모집인원,836,명,대학알리미(공공데이터포털)
175,2025,정원내 입학자,836,명,대학알리미(공공데이터포털)
175,2025,재학생 충원율,124.3,%,대학알리미(공공데이터포털)
176,2025,정원내 신입생 경쟁률,5.4,:1,대학알리미(공공데이터포털)
176,2025,신입생 충원율,100,%,대학알리미(공공데이터포털)
176,2025,정원내 모집인원,228,명,대학알리미(공공데이터포털)
176,2025,정원내 입학자,228,명,대학알리미(공공데이터포털)
176,2025,재학생 충원율,108.4,%,대학알리미(공공데이터포털)
177,2025,정원내 신입생 경쟁률,20.4,:1,대학알리미(공공데이터포털)
177,2025,신입생 충원율,97,%,대학알리미(공공데이터포털)
177,2025,정원내 모집인원,100,명,대학알리미(공공데이터포털)
177,2025,정원내 입학자,97,명,대학알리미(공공데이터포털)
177,2025,재학생 충원율,75.3,%,대학알리미(공공데이터포털)
178,2025,정원내 신입생 경쟁률,14.3,:1,대학알리미(공공데이터포털)
178,2025,신입생 충원율,99.9,%,대학알리미(공공데이터포털)
178,2025,정원내 모집인원,3477,명,대학알리미(공공데이터포털)
178,2025,정원내 입학자,3475,명,대학알리미(공공데이터포털)
178,2025,재학생 충원율,124.8,%,대학알리미(공공데이터포털)
179,2025,정원내 신입생 경쟁률,6.2,:1,대학알리미(공공데이터포털)
179,2025,신입생 충원율,100,%,대학알리미(공공데이터포털)
179,2025,정원내 모집인원,140,명,대학알리미(공공데이터포털)
179,2025,정원내 입학자,140,명,대학알리미(공공데이터포털)
179,2025,재학생 충원율,104.1,%,대학알리미(공공데이터포털)
180,2025,정원내 신입생 경쟁률,5.9,:1,대학알리미(공공데이터포털)
180,2025,신입생 충원율,99.8,%,대학알리미(공공데이터포털)
180,2025,정원내 모집인원,536,명,대학알리미(공공데이터포털)
180,2025,정원내 입학자,535,명,대학알리미(공공데이터포털)
180,2025,재학생 충원율,109.3,%,대학알리미(공공데이터포털)
181,2025,정원내 신입생 경쟁률,1.4,:1,대학알리미(공공데이터포털)
181,2025,신입생 충원율,100,%,대학알리미(공공데이터포털)
181,2025,정원내 모집인원,182,명,대학알리미(공공데이터포털)
181,2025,정원내 입학자,182,명,대학알리미(공공데이터포털)
181,2025,재학생 충원율,83.5,%,대학알리미(공공데이터포털)
182,2025,정원내 신입생 경쟁률,13.5,:1,대학알리미(공공데이터포털)
182,2025,신입생 충원율,100.2,%,대학알리미(공공데이터포털)
182,2025,정원내 모집인원,812,명,대학알리미(공공데이터포털)
182,2025,정원내 입학자,814,명,대학알리미(공공데이터포털)
182,2025,재학생 충원율,123.7,%,대학알리미(공공데이터포털)
183,2025,정원내 신입생 경쟁률,5.1,:1,대학알리미(공공데이터포털)
183,2025,신입생 충원율,100,%,대학알리미(공공데이터포털)
183,2025,정원내 모집인원,2716,명,대학알리미(공공데이터포털)
183,2025,정원내 입학자,2716,명,대학알리미(공공데이터포털)
183,2025,재학생 충원율,106.2,%,대학알리미(공공데이터포털)
184,2025,정원내 신입생 경쟁률,4.8,:1,대학알리미(공공데이터포털)
184,2025,신입생 충원율,100,%,대학알리미(공공데이터포털)
184,2025,정원내 모집인원,729,명,대학알리미(공공데이터포털)
184,2025,정원내 입학자,729,명,대학알리미(공공데이터포털)
184,2025,재학생 충원율,132.9,%,대학알리미(공공데이터포털)
185,2025,정원내 신입생 경쟁률,5.2,:1,대학알리미(공공데이터포털)
185,2025,신입생 충원율,98,%,대학알리미(공공데이터포털)
185,2025,정원내 모집인원,863,명,대학알리미(공공데이터포털)
185,2025,정원내 입학자,846,명,대학알리미(공공데이터포털)
185,2025,재학생 충원율,88.1,%,대학알리미(공공데이터포털)
186,2025,정원내 신입생 경쟁률,5.4,:1,대학알리미(공공데이터포털)
186,2025,신입생 충원율,99.9,%,대학알리미(공공데이터포털)
186,2025,정원내 모집인원,1849,명,대학알리미(공공데이터포털)
186,2025,정원내 입학자,1848,명,대학알리미(공공데이터포털)
186,2025,재학생 충원율,102.8,%,대학알리미(공공데이터포털)
187,2025,정원내 신입생 경쟁률,7.4,:1,대학알리미(공공데이터포털)
187,2025,신입생 충원율,99.9,%,대학알리미(공공데이터포털)
187,2025,정원내 모집인원,1520,명,대학알리미(공공데이터포털)
187,2025,정원내 입학자,1518,명,대학알리미(공공데이터포털)
187,2025,재학생 충원율,99.1,%,대학알리미(공공데이터포털)
188,2025,정원내 신입생 경쟁률,10.4,:1,대학알리미(공공데이터포털)
188,2025,신입생 충원율,100,%,대학알리미(공공데이터포털)
188,2025,정원내 모집인원,1498,명,대학알리미(공공데이터포털)
188,2025,정원내 입학자,1498,명,대학알리미(공공데이터포털)
188,2025,재학생 충원율,118.6,%,대학알리미(공공데이터포털)
189,2025,정원내 신입생 경쟁률,11.7,:1,대학알리미(공공데이터포털)
189,2025,신입생 충원율,99.8,%,대학알리미(공공데이터포털)
189,2025,정원내 모집인원,567,명,대학알리미(공공데이터포털)
189,2025,정원내 입학자,566,명,대학알리미(공공데이터포털)
189,2025,재학생 충원율,110.8,%,대학알리미(공공데이터포털)
190,2025,정원내 신입생 경쟁률,6.9,:1,대학알리미(공공데이터포털)
190,2025,신입생 충원율,100,%,대학알리미(공공데이터포털)
190,2025,정원내 모집인원,1193,명,대학알리미(공공데이터포털)
190,2025,정원내 입학자,1193,명,대학알리미(공공데이터포털)
190,2025,재학생 충원율,109.6,%,대학알리미(공공데이터포털)
191,2025,정원내 신입생 경쟁률,22,:1,대학알리미(공공데이터포털)
191,2025,신입생 충원율,99.3,%,대학알리미(공공데이터포털)
191,2025,정원내 모집인원,2907,명,대학알리미(공공데이터포털)
191,2025,정원내 입학자,2886,명,대학알리미(공공데이터포털)
191,2025,재학생 충원율,138.7,%,대학알리미(공공데이터포털)
192,2025,정원내 신입생 경쟁률,14.9,:1,대학알리미(공공데이터포털)
192,2025,신입생 충원율,99.8,%,대학알리미(공공데이터포털)
192,2025,정원내 모집인원,2022,명,대학알리미(공공데이터포털)
192,2025,정원내 입학자,2018,명,대학알리미(공공데이터포털)
192,2025,재학생 충원율,139.3,%,대학알리미(공공데이터포털)
193,2025,정원내 신입생 경쟁률,1.5,:1,대학알리미(공공데이터포털)
193,2025,신입생 충원율,60.3,%,대학알리미(공공데이터포털)
193,2025,정원내 모집인원,219,명,대학알리미(공공데이터포털)
193,2025,정원내 입학자,132,명,대학알리미(공공데이터포털)
193,2025,재학생 충원율,79.8,%,대학알리미(공공데이터포털)
194,2025,정원내 신입생 경쟁률,8.3,:1,대학알리미(공공데이터포털)
194,2025,신입생 충원율,100,%,대학알리미(공공데이터포털)
194,2025,정원내 모집인원,1007,명,대학알리미(공공데이터포털)
194,2025,정원내 입학자,1007,명,대학알리미(공공데이터포털)
194,2025,재학생 충원율,93.9,%,대학알리미(공공데이터포털)
195,2025,정원내 신입생 경쟁률,5.2,:1,대학알리미(공공데이터포털)
195,2025,신입생 충원율,95.9,%,대학알리미(공공데이터포털)
195,2025,정원내 모집인원,1502,명,대학알리미(공공데이터포털)
195,2025,정원내 입학자,1440,명,대학알리미(공공데이터포털)
195,2025,재학생 충원율,102.6,%,대학알리미(공공데이터포털)
196,2025,정원내 신입생 경쟁률,1.2,:1,대학알리미(공공데이터포털)
196,2025,신입생 충원율,100,%,대학알리미(공공데이터포털)
196,2025,정원내 모집인원,119,명,대학알리미(공공데이터포털)
196,2025,정원내 입학자,119,명,대학알리미(공공데이터포털)
196,2025,재학생 충원율,83.2,%,대학알리미(공공데이터포털)
197,2025,정원내 신입생 경쟁률,6.6,:1,대학알리미(공공데이터포털)
197,2025,신입생 충원율,100,%,대학알리미(공공데이터포털)
197,2025,정원내 모집인원,2878,명,대학알리미(공공데이터포털)
197,2025,정원내 입학자,2879,명,대학알리미(공공데이터포털)
197,2025,재학생 충원율,103.1,%,대학알리미(공공데이터포털)
199,2025,정원내 신입생 경쟁률,13.9,:1,대학알리미(공공데이터포털)
199,2025,신입생 충원율,99.9,%,대학알리미(공공데이터포털)
199,2025,정원내 모집인원,3709,명,대학알리미(공공데이터포털)
199,2025,정원내 입학자,3704,명,대학알리미(공공데이터포털)
199,2025,재학생 충원율,119.5,%,대학알리미(공공데이터포털)
201,2025,정원내 신입생 경쟁률,5.6,:1,대학알리미(공공데이터포털)
201,2025,신입생 충원율,81.3,%,대학알리미(공공데이터포털)
201,2025,정원내 모집인원,273,명,대학알리미(공공데이터포털)
201,2025,정원내 입학자,222,명,대학알리미(공공데이터포털)
201,2025,재학생 충원율,50.5,%,대학알리미(공공데이터포털)
