대학ID,대학명,지역,설립구분,캠퍼스,홈페이지
1,가천대학교,경기,사립,,https://www.gachon.ac.kr
2,강원대학교,강원,국립,,https://www.kangwon.ac.kr
3,건국대학교,서울,사립,서울캠퍼스,https://www.konkuk.ac.kr
4,서울시립대학교,서울,공립,,https://www.uos.ac.kr
5,부산대학교,부산,국립,,https://www.pusan.ac.kr
6,가야대학교,경남,사립,,https://www.kaya.ac.kr
7,가톨릭관동대학교,강원,사립,,https://www.cku.ac.kr
8,가톨릭꽃동네대학교,충북,사립,,https://www.kkot.ac.kr
9,가톨릭대학교,경기,사립,,https://www.catholic.ac.kr
10,감리교신학대학교,서울,사립,,https://www.mtu.ac.kr
11,강남대학교,경기,사립,,https://www.kangnam.ac.kr
12,강서대학교,서울,사립,,https://gangseo.ac.kr
13,건국대학교,충북,사립,GLOCAL캠퍼스,https://www.kku.ac.kr
14,건양대학교,충남,사립,,https://www.konyang.ac.kr
15,경기대학교,경기,사립,,https://www.kyonggi.ac.kr
16,경남대학교,경남,사립,,https://www.kyungnam.ac.kr
17,경동대학교,강원,사립,,https://www.kduniv.ac.kr
18,경북대학교,대구,국립,,https://www.knu.ac.kr
19,경상국립대학교,경남,국립,,https://www.gnu.ac.kr
20,경성대학교,부산,사립,,https://ks.ac.kr
21,경운대학교,경북,사립,,https://www.ikw.ac.kr
22,경인교육대학교,인천,국립,,https://www.ginue.ac.kr
23,경일대학교,경북,사립,,https://www.kiu.ac.kr
24,경희대학교,서울,사립,,https://www.khu.ac.kr
25,계명대학교,대구,사립,,https://www.kmu.ac.kr
26,고려대학교,서울,사립,서울캠퍼스,https://www.korea.ac.kr
27,고려대학교,세종,사립,세종캠퍼스,https://sejong.korea.ac.kr
28,고신대학교,부산,사립,,https://www.kosin.ac.kr
29,공주교육대학교,충남,국립,,https://www.gjue.ac.kr
30,광신대학교,광주,사립,,https://www.kwangshin.ac.kr
31,광운대학교,서울,사립,,https://www.kw.ac.kr
32,광주가톨릭대학교,전남,사립,,https://www.gjcatholic.ac.kr
33,광주과학기술원,광주,국립,,https://www.gist.ac.kr
34,광주교육대학교,광주,국립,,https://www.gnue.ac.kr
35,광주대학교,광주,사립,,https://www.gwangju.ac.kr
36,광주여자대학교,광주,사립,,https://www.kwu.ac.kr
37,국립경국대학교,경북,국립,,https://www.gknu.ac.kr
38,국립공주대학교,충남,국립,,https://www.kongju.ac.kr
39,국립군산대학교,전북,국립,,https://www.kunsan.ac.kr
40,국립금오공과대학교,경북,국립,,https://www.kumoh.ac.kr
41,국립목포대학교,전남,국립,,https://www.mokpo.ac.kr
42,국립목포해양대학교,전남,국립,,https://www.mmu.ac.kr
43,국립부경대학교,부산,국립,,https://www.pknu.ac.kr
44,국립순천대학교,전남,국립,,https://www.scnu.ac.kr
45,국립창원대학교,경남,국립,,https://www.changwon.ac.kr
46,국립한국교통대학교,충북,국립,,https://www.ut.ac.kr
47,국립한국해양대학교,부산,국립,,https://www.kmou.ac.kr
48,국립한밭대학교,대전,국립,,https://www.hanbat.ac.kr
49,국민대학교,서울,사립,,https://www.kookmin.ac.kr
50,극동대학교,충북,사립,,https://www.kdu.ac.kr
51,금강대학교,충남,사립,,https://www.ggu.ac.kr
52,김천대학교,경북,사립,,https://www.gimcheon.ac.kr
53,나사렛대학교,충남,사립,,https://www.kornu.ac.kr
54,남부대학교,광주,사립,,https://www.nambu.ac.kr
55,남서울대학교,충남,사립,,https://www.nsu.ac.kr
56,단국대학교,경기,사립,,https://www.dankook.ac.kr
57,대구가톨릭대학교,경북,사립,,https://www.cu.ac.kr
58,대구경북과학기술원,대구,국립,,https://www.dgist.ac.kr
59,대구교육대학교,대구,국립,,https://www.dnue.ac.kr
60,대구대학교,경북,사립,,https://www.daegu.ac.kr
61,대구예술대학교,경북,사립,,https://www.dgau.ac.kr
62,대구한의대학교,경북,사립,,https://www.dhu.ac.kr
63,대신대학교,경북,사립,,https://www.daeshin.ac.kr
64,대전가톨릭대학교,세종,사립,,https://www.dcatholic.ac.kr
65,대전대학교,대전,사립,,https://www.dju.ac.kr
66,대전신학대학교,대전,사립,,https://www.daejeon.ac.kr
67,대진대학교,경기,사립,,https://www.daejin.ac.kr
68,덕성여자대학교,서울,사립,,https://www.duksung.ac.kr
69,동국대학교,서울,사립,서울캠퍼스,https://www.dongguk.edu
70,동국대학교,경북,사립,WISE캠퍼스,https://wise.dongguk.ac.kr
71,동덕여자대학교,서울,사립,,https://www.dongduk.ac.kr
72,동명대학교,부산,사립,,https://www.tu.ac.kr
73,동서대학교,부산,사립,,https://www.dongseo.ac.kr
74,동신대학교,전남,사립,,https://www.dsu.ac.kr
75,동아대학교,부산,사립,,https://www.donga.ac.kr
76,동양대학교,경북,사립,,https://www.dyu.ac.kr
77,동의대학교,부산,사립,,https://www.deu.ac.kr
78,루터대학교,경기,사립,,https://www.ltu.ac.kr
79,명지대학교,경기,사립,,https://www.mju.ac.kr
80,목원대학교,대전,사립,,https://www.mokwon.ac.kr
81,목포가톨릭대학교,전남,사립,,https://www.mcu.ac.kr
82,배재대학교,대전,사립,,https://www.pcu.ac.kr
83,백석대학교,충남,사립,,https://www.bu.ac.kr
84,부산가톨릭대학교,부산,사립,,https://www.cup.ac.kr
85,부산교육대학교,부산,국립,,https://www.bnue.ac.kr
86,부산외국어대학교,부산,사립,,https://www.bufs.ac.kr
87,부산장신대학교,경남,사립,,https://www.bpu.ac.kr
88,삼육대학교,서울,사립,,https://www.syu.ac.kr
89,상명대학교,서울,사립,,https://www.smu.ac.kr
90,상지대학교,강원,사립,,https://www.sangji.ac.kr
91,서강대학교,서울,사립,,https://www.sogang.ac.kr
92,서경대학교,서울,사립,,https://www.skuniv.ac.kr
93,서울과학기술대학교,서울,국립,,https://www.seoultech.ac.kr
94,서울교육대학교,서울,국립,,https://www.snue.ac.kr
95,서울기독대학교,서울,사립,,https://www.scu.ac.kr
96,서울대학교,서울,국립,,https://www.snu.ac.kr
97,서울신학대학교,경기,사립,,https://www.stu.ac.kr
98,서울여자대학교,서울,사립,,https://www.swu.ac.kr
99,서울장신대학교,경기,사립,,https://www.sjs.ac.kr
100,서울한영대학교,서울,사립,,https://shyu.ac.kr
101,서원대학교,충북,사립,,https://www.seowon.ac.kr
102,선문대학교,충남,사립,,https://www.sunmoon.ac.kr
103,성결대학교,경기,사립,,https://www.sungkyul.ac.kr
104,성공회대학교,서울,사립,,https://www.skhu.ac.kr
105,성균관대학교,서울,사립,,https://www.skku.edu
106,성신여자대학교,서울,사립,,https://www.sungshin.ac.kr
107,세명대학교,충북,사립,,https://www.semyung.ac.kr
108,세종대학교,서울,사립,,https://www.sejong.ac.kr
109,세한대학교,전남,사립,,https://www.sehan.ac.kr
110,송원대학교,광주,사립,,https://www.songwon.ac.kr
111,수원가톨릭대학교,경기,사립,,https://www.suwoncatholic.ac.kr
112,수원대학교,경기,사립,,https://www.suwon.ac.kr
113,숙명여자대학교,서울,사립,,https://www.sookmyung.ac.kr
114,순천향대학교,충남,사립,,https://www.sch.ac.kr
115,숭실대학교,서울,사립,,https://www.ssu.ac.kr
116,신경주대학교,경북,사립,,https://sgu.ac.kr
117,신라대학교,부산,사립,,https://www.silla.ac.kr
118,신한대학교,경기,사립,,https://www.shinhan.ac.kr
119,아신대학교,경기,사립,,https://www.acts.ac.kr
120,아주대학교,경기,사립,,https://www.ajou.ac.kr
121,안양대학교,경기,사립,,https://www.anyang.ac.kr
122,연세대학교,서울,사립,서울캠퍼스,https://www.yonsei.ac.kr
123,연세대학교,강원,사립,미래캠퍼스,https://www.yonsei.ac.kr/wj
124,영남대학교,경북,사립,,https://www.yu.ac.kr
125,영남신학대학교,경북,사립,,https://www.ytus.ac.kr
126,영산대학교,경남,사립,,https://www.ysu.ac.kr
127,영산선학대학교,전남,사립,,https://www.youngsan.ac.kr
128,예수대학교,전북,사립,,https://www.jesus.ac.kr
129,예원예술대학교,전북,사립,,https://www.yewon.ac.kr
130,용인대학교,경기,사립,,https://www.yongin.ac.kr
131,우석대학교,전북,사립,,https://www.woosuk.ac.kr
132,우송대학교,대전,사립,,https://www.wsu.ac.kr
133,울산과학기술원,울산,국립,,https://www.unist.ac.kr
134,울산대학교,울산,사립,,https://www.ulsan.ac.kr
135,원광대학교,전북,사립,,https://www.wonkwang.ac.kr
136,위덕대학교,경북,사립,,https://www.uu.ac.kr
137,유원대학교,충북,사립,,https://www.u1.ac.kr
138,을지대학교,대전,사립,,https://www.eulji.ac.kr
139,이화여자대학교,서울,사립,,https://www.ewha.ac.kr
140,인제대학교,경남,사립,,https://www.inje.ac.kr
141,인천가톨릭대학교,인천,사립,,https://www.iccu.ac.kr
142,인천대학교,인천,국립,,https://www.inu.ac.kr
143,인하대학교,인천,사립,,https://www.inha.ac.kr
144,장로회신학대학교,서울,사립,,https://www.puts.ac.kr
145,전남대학교,광주,국립,,https://www.chonnam.ac.kr
146,전북대학교,전북,국립,,https://www.jbnu.ac.kr
147,전주교육대학교,전북,국립,,https://www.jnue.kr
148,전주대학교,전북,사립,,https://www.jj.ac.kr
149,제주국제대학교,제주,사립,,https://www.jeju.ac.kr
150,제주대학교,제주,국립,,https://www.jejunu.ac.kr
151,조선대학교,광주,사립,,https://www.chosun.ac.kr
152,중부대학교,충남,사립,,https://www.joongbu.ac.kr
153,중앙대학교,서울,사립,,https://www.cau.ac.kr
154,중앙승가대학교,경기,사립,,http://www.sangha.ac.kr
155,중원대학교,충북,사립,,https://www.jwu.ac.kr
156,진주교육대학교,경남,국립,,https://www.cue.ac.kr
157,차의과학대학교,경기,사립,,https://www.cha.ac.kr
158,창신대학교,경남,사립,,https://www.cs.ac.kr
159,청운대학교,충남,사립,,https://www.chungwoon.ac.kr
160,청주교육대학교,충북,국립,,https://www.cje.ac.kr
161,청주대학교,충북,사립,,https://www.cju.ac.kr
162,초당대학교,전남,사립,,https://www.cdu.ac.kr
163,총신대학교,서울,사립,,https://www.chongshin.ac.kr
164,추계예술대학교,서울,사립,,https://www.chugye.ac.kr
165,춘천교육대학교,강원,국립,,https://www.cnue.ac.kr
166,충남대학교,대전,국립,,https://www.cnu.ac.kr
167,충북대학교,충북,국립,,https://www.chungbuk.ac.kr
168,칼빈대학교,경기,사립,,https://www.calvin.ac.kr
169,평택대학교,경기,사립,,https://www.ptu.ac.kr
170,포항공과대학교,경북,사립,,https://www.postech.ac.kr
171,한경국립대학교,경기,국립,,https://www.hknu.ac.kr
172,한국공학대학교,경기,사립,,https://www.tukorea.ac.kr
173,한국과학기술원,대전,국립,,https://www.kaist.ac.kr
174,한국교원대학교,충북,국립,,https://www.knue.ac.kr
175,한국기술교육대학교,충남,사립,,https://www.koreatech.ac.kr
176,한국성서대학교,서울,사립,,https://www.bible.ac.kr
177,한국에너지공과대학교,전남,국립,,https://www.kentech.ac.kr
178,한국외국어대학교,서울,사립,,https://www.hufs.ac.kr
179,한국전통문화대학교,충남,국립,,https://www.nuch.ac.kr
180,한국체육대학교,서울,국립,,https://www.knsu.ac.kr
181,한국침례신학대학교,대전,사립,,https://www.kbtus.ac.kr
182,한국항공대학교,경기,사립,,https://www.kau.ac.kr
183,한남대학교,대전,사립,,https://www.hannam.ac.kr
184,한동대학교,경북,사립,,https://www.handong.edu
185,한라대학교,강원,사립,,https://www.halla.ac.kr
186,한림대학교,강원,사립,,https://www.hallym.ac.kr
187,한서대학교,충남,사립,,https://www.hanseo.ac.kr
188,한성대학교,서울,사립,,https://www.hansung.ac.kr
189,한세대학교,경기,사립,,https://www.hansei.ac.kr
190,한신대학교,경기,사립,,https://www.hs.ac.kr
191,한양대학교,서울,사립,서울캠퍼스,https://www.hanyang.ac.kr
192,한양대학교,경기,사립,ERICA캠퍼스,https://www.hanyang.ac.kr/erica
193,한일장신대학교,전북,사립,,https://www.hanil.ac.kr
194,협성대학교,경기,사립,,https://www.uhs.ac.kr
195,호남대학교,광주,사립,,https://www.honam.ac.kr
196,호남신학대학교,광주,사립,,https://www.htus.ac.kr
197,호서대학교,충남,사립,,https://www.hoseo.ac.kr
198,호원대학교,전북,사립,,https://www.howon.ac.kr
199,홍익대학교,서울,사립,서울캠퍼스,https://www.hongik.ac.kr
200,홍익대학교,세종,사립,세종캠퍼스,https://sejong.hongik.ac.kr
201,화성의과학대학교,경기,사립,,https://www.hsmu.ac.kr
