조회연도,대학명,대학코드,문서종류,다운로드링크
2027,"가야대학교[본교]","0002748","수시 모집요강","https://www.adiga.kr/cmm/com/file/fileDown.do?fileId=00000000000000255224&fileSn=1&menuId=PCUVTINF2000&downLogYn=Y&unvCd=0002748&searchSyr=2027"
2027,"가천대학교[본교]","0000063","수시 모집요강","https://www.adiga.kr/cmm/com/file/fileDown.do?fileId=00000000000000242952&fileSn=1&menuId=PCUVTINF2000&downLogYn=Y&unvCd=0000063&searchSyr=2027"
2027,"가톨릭관동대학교[본교]","0000072","수시 모집요강","https://www.adiga.kr/cmm/com/file/fileDown.do?fileId=00000000000000245719&fileSn=1&menuId=PCUVTINF2000&downLogYn=Y&unvCd=0000072&searchSyr=2027"
2027,"가톨릭꽃동네대학교[본교]","0000215","수시 모집요강","https://www.adiga.kr/cmm/com/file/fileDown.do?fileId=00000000000000257911&fileSn=1&menuId=PCUVTINF2000&downLogYn=Y&unvCd=0000215&searchSyr=2027"
2027,"가톨릭대학교[본교]","0000046","수시 모집요강","https://www.adiga.kr/cmm/com/file/fileDown.do?fileId=00000000000000245155&fileSn=1&menuId=PCUVTINF2000&downLogYn=Y&unvCd=0000046&searchSyr=2027"
2027,"가톨릭대학교[제2캠퍼스]","0000048","수시 모집요강","https://www.adiga.kr/cmm/com/file/fileDown.do?fileId=00000000000000257284&fileSn=1&menuId=PCUVTINF2000&downLogYn=Y&unvCd=0000048&searchSyr=2027"
2027,"가톨릭대학교[제3캠퍼스]","0000049","수시 모집요강","https://www.adiga.kr/cmm/com/file/fileDown.do?fileId=00000000000000257174&fileSn=1&menuId=PCUVTINF2000&downLogYn=Y&unvCd=0000049&searchSyr=2027"
2027,"감리교신학대학교[본교]","0000050","수시 모집요강","https://www.adiga.kr/cmm/com/file/fileDown.do?fileId=00000000000000256496&fileSn=1&menuId=PCUVTINF2000&downLogYn=Y&unvCd=0000050&searchSyr=2027"
2027,"강남대학교[본교]","0000051","수시 모집요강","https://www.adiga.kr/cmm/com/file/fileDown.do?fileId=00000000000000242900&fileSn=1&menuId=PCUVTINF2000&downLogYn=Y&unvCd=0000051&searchSyr=2027"
2027,"강서대학교[본교]","0000079","수시 모집요강","https://www.adiga.kr/cmm/com/file/fileDown.do?fileId=00000000000000255087&fileSn=1&menuId=PCUVTINF2000&downLogYn=Y&unvCd=0000079&searchSyr=2027"
2027,"강원대학교[본교]","0000003","수시 모집요강","https://www.adiga.kr/cmm/com/file/fileDown.do?fileId=00000000000000243390&fileSn=1&menuId=PCUVTINF2000&downLogYn=Y&unvCd=0000003&searchSyr=2027"
2027,"강원대학교[제2캠퍼스]","0000004","수시 모집요강","https://www.adiga.kr/cmm/com/file/fileDown.do?fileId=00000000000000244305&fileSn=1&menuId=PCUVTINF2000&downLogYn=Y&unvCd=0000004&searchSyr=2027"
2027,"강원대학교[제3캠퍼스]","0003363","수시 모집요강","https://www.adiga.kr/cmm/com/file/fileDown.do?fileId=00000000000000248008&fileSn=1&menuId=PCUVTINF2000&downLogYn=Y&unvCd=0003363&searchSyr=2027"
2027,"강원대학교[제4캠퍼스]","0003364","수시 모집요강","https://www.adiga.kr/cmm/com/file/fileDown.do?fileId=00000000000000248012&fileSn=1&menuId=PCUVTINF2000&downLogYn=Y&unvCd=0003364&searchSyr=2027"
2027,"건국대학교(글로컬)[분교]","0000053","수시 모집요강","https://www.adiga.kr/cmm/com/file/fileDown.do?fileId=00000000000000247758&fileSn=1&menuId=PCUVTINF2000&downLogYn=Y&unvCd=0000053&searchSyr=2027"
2027,"건국대학교[본교]","0000052","수시 모집요강","https://www.adiga.kr/cmm/com/file/fileDown.do?fileId=00000000000000243061&fileSn=1&menuId=PCUVTINF2000&downLogYn=Y&unvCd=0000052&searchSyr=2027"
2027,"건양대학교[본교]","0000054","수시 모집요강","https://www.adiga.kr/cmm/com/file/fileDown.do?fileId=00000000000000257542&fileSn=1&menuId=PCUVTINF2000&downLogYn=Y&unvCd=0000054&searchSyr=2027"
2027,"건양대학교[제2캠퍼스]","0000055","수시 모집요강","https://www.adiga.kr/cmm/com/file/fileDown.do?fileId=00000000000000257545&fileSn=1&menuId=PCUVTINF2000&downLogYn=Y&unvCd=0000055&searchSyr=2027"
2027,"경기대학교[본교]","0000056","수시 모집요강","https://www.adiga.kr/cmm/com/file/fileDown.do?fileId=00000000000000255005&fileSn=1&menuId=PCUVTINF2000&downLogYn=Y&unvCd=0000056&searchSyr=2027"
2027,"경기대학교[제2캠퍼스]","0000058","수시 모집요강","https://www.adiga.kr/cmm/com/file/fileDown.do?fileId=00000000000000255008&fileSn=1&menuId=PCUVTINF2000&downLogYn=Y&unvCd=0000058&searchSyr=2027"
2027,"경남대학교[본교]","0000059","수시 모집요강","https://www.adiga.kr/cmm/com/file/fileDown.do?fileId=00000000000000257833&fileSn=1&menuId=PCUVTINF2000&downLogYn=Y&unvCd=0000059&searchSyr=2027"
2027,"경동대학교[본교]","0000060","수시 모집요강","https://www.adiga.kr/cmm/com/file/fileDown.do?fileId=00000000000000244951&fileSn=1&menuId=PCUVTINF2000&downLogYn=Y&unvCd=0000060&searchSyr=2027"
2027,"경동대학교[제3캠퍼스]","0002574","수시 모집요강","https://www.adiga.kr/cmm/com/file/fileDown.do?fileId=00000000000000244948&fileSn=1&menuId=PCUVTINF2000&downLogYn=Y&unvCd=0002574&searchSyr=2027"
2027,"경동대학교[제4캠퍼스]","0002744","수시 모집요강","https://www.adiga.kr/cmm/com/file/fileDown.do?fileId=00000000000000244954&fileSn=1&menuId=PCUVTINF2000&downLogYn=Y&unvCd=0002744&searchSyr=2027"
2027,"경북대학교[본교]","0000005","수시 모집요강","https://www.adiga.kr/cmm/com/file/fileDown.do?fileId=00000000000000242989&fileSn=1&menuId=PCUVTINF2000&downLogYn=Y&unvCd=0000005&searchSyr=2027"
2027,"경상국립대학교[본교]","0000007","수시 모집요강","https://www.adiga.kr/cmm/com/file/fileDown.do?fileId=00000000000000243097&fileSn=1&menuId=PCUVTINF2000&downLogYn=Y&unvCd=0000007&searchSyr=2027"
2027,"경성대학교[본교]","0000062","수시 모집요강","https://www.adiga.kr/cmm/com/file/fileDown.do?fileId=00000000000000257303&fileSn=1&menuId=PCUVTINF2000&downLogYn=Y&unvCd=0000062&searchSyr=2027"
2027,"경운대학교[본교]","0000244","수시 모집요강","https://www.adiga.kr/cmm/com/file/fileDown.do?fileId=00000000000000245581&fileSn=1&menuId=PCUVTINF2000&downLogYn=Y&unvCd=0000244&searchSyr=2027"
2027,"경인교육대학교[본교]","0000256","수시 모집요강","https://www.adiga.kr/cmm/com/file/fileDown.do?fileId=00000000000000257264&fileSn=1&menuId=PCUVTINF2000&downLogYn=Y&unvCd=0000256&searchSyr=2027"
2027,"경일대학교[본교]","0000064","수시 모집요강","https://www.adiga.kr/cmm/com/file/fileDown.do?fileId=00000000000000255226&fileSn=1&menuId=PCUVTINF2000&downLogYn=Y&unvCd=0000064&searchSyr=2027"
2027,"경희대학교[본교]","0000066","수시 모집요강","https://www.adiga.kr/cmm/com/file/fileDown.do?fileId=00000000000000245976&fileSn=1&menuId=PCUVTINF2000&downLogYn=Y&unvCd=0000066&searchSyr=2027"
2027,"계명대학교[본교]","0000068","수시 모집요강","https://www.adiga.kr/cmm/com/file/fileDown.do?fileId=00000000000000243040&fileSn=1&menuId=PCUVTINF2000&downLogYn=Y&unvCd=0000068&searchSyr=2027"
2027,"고려대학교(세종)[분교]","0000070","수시 모집요강","https://www.adiga.kr/cmm/com/file/fileDown.do?fileId=00000000000000257700&fileSn=1&menuId=PCUVTINF2000&downLogYn=Y&unvCd=0000070&searchSyr=2027"
2027,"고려대학교[본교]","0000069","수시 모집요강","https://www.adiga.kr/cmm/com/file/fileDown.do?fileId=00000000000000256509&fileSn=1&menuId=PCUVTINF2000&downLogYn=Y&unvCd=0000069&searchSyr=2027"
2027,"고신대학교[본교]","0000071","수시 모집요강","https://www.adiga.kr/cmm/com/file/fileDown.do?fileId=00000000000000243095&fileSn=1&menuId=PCUVTINF2000&downLogYn=Y&unvCd=0000071&searchSyr=2027"
2027,"공주교육대학교[본교]","0000251","수시 모집요강","https://www.adiga.kr/cmm/com/file/fileDown.do?fileId=00000000000000256830&fileSn=1&menuId=PCUVTINF2000&downLogYn=Y&unvCd=0000251&searchSyr=2027"
2027,"광신대학교[본교]","0000073","수시 모집요강","https://www.adiga.kr/cmm/com/file/fileDown.do?fileId=00000000000000237435&fileSn=1&menuId=PCUVTINF2000&downLogYn=Y&unvCd=0000073&searchSyr=2027"
2027,"광운대학교[본교]","0000074","수시 모집요강","https://www.adiga.kr/cmm/com/file/fileDown.do?fileId=00000000000000246873&fileSn=1&menuId=PCUVTINF2000&downLogYn=Y&unvCd=0000074&searchSyr=2027"
2027,"광주가톨릭대학교[본교]","0000075","수시 모집요강","https://www.adiga.kr/cmm/com/file/fileDown.do?fileId=00000000000000256258&fileSn=1&menuId=PCUVTINF2000&downLogYn=Y&unvCd=0000075&searchSyr=2027"
2027,"광주교육대학교[본교]","0000252","수시 모집요강","https://www.adiga.kr/cmm/com/file/fileDown.do?fileId=00000000000000257182&fileSn=1&menuId=PCUVTINF2000&downLogYn=Y&unvCd=0000252&searchSyr=2027"
2027,"광주대학교[본교]","0000231","수시 모집요강","https://www.adiga.kr/cmm/com/file/fileDown.do?fileId=00000000000000247025&fileSn=1&menuId=PCUVTINF2000&downLogYn=Y&unvCd=0000231&searchSyr=2027"
2027,"광주여자대학교[본교]","0000076","수시 모집요강","https://www.adiga.kr/cmm/com/file/fileDown.do?fileId=00000000000000247286&fileSn=1&menuId=PCUVTINF2000&downLogYn=Y&unvCd=0000076&searchSyr=2027"
2027,"국립강릉원주대학교[본교]","0000001","수시 모집요강","미등록"
2027,"국립강릉원주대학교[제2캠퍼스]","0000002","수시 모집요강","미등록"
2027,"국립경국대학교[본교]","0000021","수시 모집요강","https://www.adiga.kr/cmm/com/file/fileDown.do?fileId=00000000000000257807&fileSn=1&menuId=PCUVTINF2000&downLogYn=Y&unvCd=0000021&searchSyr=2027"
2027,"국립공주대학교[본교]","0000008","수시 모집요강","https://www.adiga.kr/cmm/com/file/fileDown.do?fileId=00000000000000256748&fileSn=1&menuId=PCUVTINF2000&downLogYn=Y&unvCd=0000008&searchSyr=2027"
2027,"국립군산대학교[본교]","0000009","수시 모집요강","https://www.adiga.kr/cmm/com/file/fileDown.do?fileId=00000000000000242949&fileSn=1&menuId=PCUVTINF2000&downLogYn=Y&unvCd=0000009&searchSyr=2027"
2027,"국립금오공과대학교[본교]","0000010","수시 모집요강","https://www.adiga.kr/cmm/com/file/fileDown.do?fileId=00000000000000256927&fileSn=1&menuId=PCUVTINF2000&downLogYn=Y&unvCd=0000010&searchSyr=2027"
2027,"국립목포대학교[본교]","0000011","수시 모집요강","https://www.adiga.kr/cmm/com/file/fileDown.do?fileId=00000000000000244173&fileSn=1&menuId=PCUVTINF2000&downLogYn=Y&unvCd=0000011&searchSyr=2027"
2027,"국립목포해양대학교[본교]","0000012","수시 모집요강","https://www.adiga.kr/cmm/com/file/fileDown.do?fileId=00000000000000242838&fileSn=1&menuId=PCUVTINF2000&downLogYn=Y&unvCd=0000012&searchSyr=2027"
2027,"국립부경대학교[본교]","0000013","수시 모집요강","https://www.adiga.kr/cmm/com/file/fileDown.do?fileId=00000000000000243308&fileSn=1&menuId=PCUVTINF2000&downLogYn=Y&unvCd=0000013&searchSyr=2027"
2027,"국립순천대학교[본교]","0000020","수시 모집요강","https://www.adiga.kr/cmm/com/file/fileDown.do?fileId=00000000000000243016&fileSn=1&menuId=PCUVTINF2000&downLogYn=Y&unvCd=0000020&searchSyr=2027"
2027,"국립창원대학교[본교]","0000028","수시 모집요강","https://www.adiga.kr/cmm/com/file/fileDown.do?fileId=00000000000000244252&fileSn=1&menuId=PCUVTINF2000&downLogYn=Y&unvCd=0000028&searchSyr=2027"
2027,"국립창원대학교[제2캠퍼스]","0003297","수시 모집요강","https://www.adiga.kr/cmm/com/file/fileDown.do?fileId=00000000000000257385&fileSn=1&menuId=PCUVTINF2000&downLogYn=Y&unvCd=0003297&searchSyr=2027"
2027,"국립창원대학교[제3캠퍼스]","0003298","수시 모집요강","https://www.adiga.kr/cmm/com/file/fileDown.do?fileId=00000000000000256338&fileSn=1&menuId=PCUVTINF2000&downLogYn=Y&unvCd=0003298&searchSyr=2027"
2027,"국립한국교통대학교[본교]","0000034","수시 모집요강","https://www.adiga.kr/cmm/com/file/fileDown.do?fileId=00000000000000243055&fileSn=1&menuId=PCUVTINF2000&downLogYn=Y&unvCd=0000034&searchSyr=2027"
2027,"국립한국해양대학교[본교]","0000033","수시 모집요강","https://www.adiga.kr/cmm/com/file/fileDown.do?fileId=00000000000000255136&fileSn=1&menuId=PCUVTINF2000&downLogYn=Y&unvCd=0000033&searchSyr=2027"
2027,"국립한밭대학교[본교]","0000039","수시 모집요강","https://www.adiga.kr/cmm/com/file/fileDown.do?fileId=00000000000000257177&fileSn=1&menuId=PCUVTINF2000&downLogYn=Y&unvCd=0000039&searchSyr=2027"
2027,"국민대학교[본교]","0000078","수시 모집요강","https://www.adiga.kr/cmm/com/file/fileDown.do?fileId=00000000000000243009&fileSn=1&menuId=PCUVTINF2000&downLogYn=Y&unvCd=0000078&searchSyr=2027"
2027,"극동대학교[본교]","0000080","수시 모집요강","https://www.adiga.kr/cmm/com/file/fileDown.do?fileId=00000000000000252398&fileSn=1&menuId=PCUVTINF2000&downLogYn=Y&unvCd=0000080&searchSyr=2027"
2027,"금강대학교[본교]","0000224","수시 모집요강","https://www.adiga.kr/cmm/com/file/fileDown.do?fileId=00000000000000257878&fileSn=1&menuId=PCUVTINF2000&downLogYn=Y&unvCd=0000224&searchSyr=2027"
2027,"김천대학교[본교]","0000241","수시 모집요강","https://www.adiga.kr/cmm/com/file/fileDown.do?fileId=00000000000000255155&fileSn=1&menuId=PCUVTINF2000&downLogYn=Y&unvCd=0000241&searchSyr=2027"
2027,"나사렛대학교[본교]","0000081","수시 모집요강","https://www.adiga.kr/cmm/com/file/fileDown.do?fileId=00000000000000254716&fileSn=1&menuId=PCUVTINF2000&downLogYn=Y&unvCd=0000081&searchSyr=2027"
2027,"남부대학교[본교]","0000216","수시 모집요강","https://www.adiga.kr/cmm/com/file/fileDown.do?fileId=00000000000000257179&fileSn=1&menuId=PCUVTINF2000&downLogYn=Y&unvCd=0000216&searchSyr=2027"
2027,"남서울대학교[본교]","0000245","수시 모집요강","https://www.adiga.kr/cmm/com/file/fileDown.do?fileId=00000000000000257687&fileSn=1&menuId=PCUVTINF2000&downLogYn=Y&unvCd=0000245&searchSyr=2027"
2027,"단국대학교[본교]","0000082","수시 모집요강","https://www.adiga.kr/cmm/com/file/fileDown.do?fileId=00000000000000242997&fileSn=1&menuId=PCUVTINF2000&downLogYn=Y&unvCd=0000082&searchSyr=2027"
2027,"단국대학교[제2캠퍼스]","0002726","수시 모집요강","https://www.adiga.kr/cmm/com/file/fileDown.do?fileId=00000000000000243002&fileSn=1&menuId=PCUVTINF2000&downLogYn=Y&unvCd=0002726&searchSyr=2027"
2027,"대구가톨릭대학교[본교]","0000088","수시 모집요강","https://www.adiga.kr/cmm/com/file/fileDown.do?fileId=00000000000000243207&fileSn=1&menuId=PCUVTINF2000&downLogYn=Y&unvCd=0000088&searchSyr=2027"
2027,"대구교육대학교[본교]","0000253","수시 모집요강","https://www.adiga.kr/cmm/com/file/fileDown.do?fileId=00000000000000257979&fileSn=1&menuId=PCUVTINF2000&downLogYn=Y&unvCd=0000253&searchSyr=2027"
2027,"대구대학교[본교]","0000084","수시 모집요강","https://www.adiga.kr/cmm/com/file/fileDown.do?fileId=00000000000000242852&fileSn=1&menuId=PCUVTINF2000&downLogYn=Y&unvCd=0000084&searchSyr=2027"
2027,"대구예술대학교[본교]","0000087","수시 모집요강","https://www.adiga.kr/cmm/com/file/fileDown.do?fileId=00000000000000256702&fileSn=1&menuId=PCUVTINF2000&downLogYn=Y&unvCd=0000087&searchSyr=2027"
2027,"대구한의대학교[본교]","0000061","수시 모집요강","https://www.adiga.kr/cmm/com/file/fileDown.do?fileId=00000000000000257996&fileSn=1&menuId=PCUVTINF2000&downLogYn=Y&unvCd=0000061&searchSyr=2027"
2027,"대신대학교[본교]","0000093","수시 모집요강","https://www.adiga.kr/cmm/com/file/fileDown.do?fileId=00000000000000243052&fileSn=1&menuId=PCUVTINF2000&downLogYn=Y&unvCd=0000093&searchSyr=2027"
2027,"대전가톨릭대학교[본교]","0000094","수시 모집요강","https://www.adiga.kr/cmm/com/file/fileDown.do?fileId=00000000000000256547&fileSn=1&menuId=PCUVTINF2000&downLogYn=Y&unvCd=0000094&searchSyr=2027"
2027,"대전대학교[본교]","0000095","수시 모집요강","https://www.adiga.kr/cmm/com/file/fileDown.do?fileId=00000000000000257691&fileSn=1&menuId=PCUVTINF2000&downLogYn=Y&unvCd=0000095&searchSyr=2027"
2027,"대전신학대학교[본교]","0000238","수시 모집요강","https://www.adiga.kr/cmm/com/file/fileDown.do?fileId=00000000000000256612&fileSn=1&menuId=PCUVTINF2000&downLogYn=Y&unvCd=0000238&searchSyr=2027"
2027,"대진대학교[본교]","0000097","수시 모집요강","https://www.adiga.kr/cmm/com/file/fileDown.do?fileId=00000000000000242970&fileSn=1&menuId=PCUVTINF2000&downLogYn=Y&unvCd=0000097&searchSyr=2027"
2027,"덕성여자대학교[본교]","0000099","수시 모집요강","https://www.adiga.kr/cmm/com/file/fileDown.do?fileId=00000000000000256783&fileSn=1&menuId=PCUVTINF2000&downLogYn=Y&unvCd=0000099&searchSyr=2027"
2027,"동국대학교(WISE)[분교]","0000101","수시 모집요강","https://www.adiga.kr/cmm/com/file/fileDown.do?fileId=00000000000000242986&fileSn=1&menuId=PCUVTINF2000&downLogYn=Y&unvCd=0000101&searchSyr=2027"
2027,"동국대학교[본교]","0000100","수시 모집요강","https://www.adiga.kr/cmm/com/file/fileDown.do?fileId=00000000000000243064&fileSn=1&menuId=PCUVTINF2000&downLogYn=Y&unvCd=0000100&searchSyr=2027"
2027,"동덕여자대학교[본교]","0000102","수시 모집요강","https://www.adiga.kr/cmm/com/file/fileDown.do?fileId=00000000000000256526&fileSn=1&menuId=PCUVTINF2000&downLogYn=Y&unvCd=0000102&searchSyr=2027"
2027,"동명대학교[본교]","0000235","수시 모집요강","https://www.adiga.kr/cmm/com/file/fileDown.do?fileId=00000000000000255198&fileSn=1&menuId=PCUVTINF2000&downLogYn=Y&unvCd=0000235&searchSyr=2027"
2027,"동서대학교[본교]","0000103","수시 모집요강","https://www.adiga.kr/cmm/com/file/fileDown.do?fileId=00000000000000244507&fileSn=1&menuId=PCUVTINF2000&downLogYn=Y&unvCd=0000103&searchSyr=2027"
2027,"동신대학교[본교]","0000104","수시 모집요강","https://www.adiga.kr/cmm/com/file/fileDown.do?fileId=00000000000000257694&fileSn=1&menuId=PCUVTINF2000&downLogYn=Y&unvCd=0000104&searchSyr=2027"
2027,"동아대학교[본교]","0000105","수시 모집요강","https://www.adiga.kr/cmm/com/file/fileDown.do?fileId=00000000000000242892&fileSn=1&menuId=PCUVTINF2000&downLogYn=Y&unvCd=0000105&searchSyr=2027"
2027,"동양대학교[본교]","0000106","수시 모집요강","https://www.adiga.kr/cmm/com/file/fileDown.do?fileId=00000000000000244728&fileSn=1&menuId=PCUVTINF2000&downLogYn=Y&unvCd=0000106&searchSyr=2027"
2027,"동의대학교[본교]","0000107","수시 모집요강","https://www.adiga.kr/cmm/com/file/fileDown.do?fileId=00000000000000252168&fileSn=1&menuId=PCUVTINF2000&downLogYn=Y&unvCd=0000107&searchSyr=2027"
2027,"루터대학교[본교]","0000108","수시 모집요강","https://www.adiga.kr/cmm/com/file/fileDown.do?fileId=00000000000000251956&fileSn=1&menuId=PCUVTINF2000&downLogYn=Y&unvCd=0000108&searchSyr=2027"
2027,"명지대학교[본교]","0000109","수시 모집요강","https://www.adiga.kr/cmm/com/file/fileDown.do?fileId=00000000000000243027&fileSn=1&menuId=PCUVTINF2000&downLogYn=Y&unvCd=0000109&searchSyr=2027"
2027,"명지대학교[제2캠퍼스]","0000111","수시 모집요강","https://www.adiga.kr/cmm/com/file/fileDown.do?fileId=00000000000000243030&fileSn=1&menuId=PCUVTINF2000&downLogYn=Y&unvCd=0000111&searchSyr=2027"
2027,"목원대학교[본교]","0000112","수시 모집요강","https://www.adiga.kr/cmm/com/file/fileDown.do?fileId=00000000000000239967&fileSn=1&menuId=PCUVTINF2000&downLogYn=Y&unvCd=0000112&searchSyr=2027"
2027,"목포가톨릭대학교[본교]","0000221","수시 모집요강","https://www.adiga.kr/cmm/com/file/fileDown.do?fileId=00000000000000256894&fileSn=1&menuId=PCUVTINF2000&downLogYn=Y&unvCd=0000221&searchSyr=2027"
2027,"배재대학교[본교]","0000113","수시 모집요강","https://www.adiga.kr/cmm/com/file/fileDown.do?fileId=00000000000000243046&fileSn=1&menuId=PCUVTINF2000&downLogYn=Y&unvCd=0000113&searchSyr=2027"
2027,"백석대학교[본교]","0000178","수시 모집요강","https://www.adiga.kr/cmm/com/file/fileDown.do?fileId=00000000000000244401&fileSn=1&menuId=PCUVTINF2000&downLogYn=Y&unvCd=0000178&searchSyr=2027"
2027,"부산가톨릭대학교[본교]","0000114","수시 모집요강","https://www.adiga.kr/cmm/com/file/fileDown.do?fileId=00000000000000245025&fileSn=1&menuId=PCUVTINF2000&downLogYn=Y&unvCd=0000114&searchSyr=2027"
2027,"부산교육대학교[본교]","0000254","수시 모집요강","https://www.adiga.kr/cmm/com/file/fileDown.do?fileId=00000000000000256843&fileSn=1&menuId=PCUVTINF2000&downLogYn=Y&unvCd=0000254&searchSyr=2027"
2027,"부산대학교[본교]","0000014","수시 모집요강","https://www.adiga.kr/cmm/com/file/fileDown.do?fileId=00000000000000257099&fileSn=1&menuId=PCUVTINF2000&downLogYn=Y&unvCd=0000014&searchSyr=2027"
2027,"부산외국어대학교[본교]","0000115","수시 모집요강","https://www.adiga.kr/cmm/com/file/fileDown.do?fileId=00000000000000253081&fileSn=1&menuId=PCUVTINF2000&downLogYn=Y&unvCd=0000115&searchSyr=2027"
2027,"부산장신대학교[본교]","0000222","수시 모집요강","https://www.adiga.kr/cmm/com/file/fileDown.do?fileId=00000000000000243067&fileSn=1&menuId=PCUVTINF2000&downLogYn=Y&unvCd=0000222&searchSyr=2027"
2027,"삼육대학교[본교]","0000116","수시 모집요강","https://www.adiga.kr/cmm/com/file/fileDown.do?fileId=00000000000000255051&fileSn=1&menuId=PCUVTINF2000&downLogYn=Y&unvCd=0000116&searchSyr=2027"
2027,"상명대학교[본교]","0000117","수시 모집요강","https://www.adiga.kr/cmm/com/file/fileDown.do?fileId=00000000000000255108&fileSn=1&menuId=PCUVTINF2000&downLogYn=Y&unvCd=0000117&searchSyr=2027"
2027,"상명대학교[제2캠퍼스]","0002959","수시 모집요강","https://www.adiga.kr/cmm/com/file/fileDown.do?fileId=00000000000000242868&fileSn=1&menuId=PCUVTINF2000&downLogYn=Y&unvCd=0002959&searchSyr=2027"
2027,"상지대학교[본교]","0000119","수시 모집요강","https://www.adiga.kr/cmm/com/file/fileDown.do?fileId=00000000000000256680&fileSn=1&menuId=PCUVTINF2000&downLogYn=Y&unvCd=0000119&searchSyr=2027"
2027,"서강대학교[본교]","0000120","수시 모집요강","https://www.adiga.kr/cmm/com/file/fileDown.do?fileId=00000000000000255100&fileSn=1&menuId=PCUVTINF2000&downLogYn=Y&unvCd=0000120&searchSyr=2027"
2027,"서경대학교[본교]","0000121","수시 모집요강","https://www.adiga.kr/cmm/com/file/fileDown.do?fileId=00000000000000242903&fileSn=1&menuId=PCUVTINF2000&downLogYn=Y&unvCd=0000121&searchSyr=2027"
2027,"서울과학기술대학교[본교]","0000036","수시 모집요강","https://www.adiga.kr/cmm/com/file/fileDown.do?fileId=00000000000000243124&fileSn=1&menuId=PCUVTINF2000&downLogYn=Y&unvCd=0000036&searchSyr=2027"
2027,"서울교육대학교[본교]","0000255","수시 모집요강","https://www.adiga.kr/cmm/com/file/fileDown.do?fileId=00000000000000256817&fileSn=1&menuId=PCUVTINF2000&downLogYn=Y&unvCd=0000255&searchSyr=2027"
2027,"서울기독대학교[본교]","0000098","수시 모집요강","https://www.adiga.kr/cmm/com/file/fileDown.do?fileId=00000000000000242984&fileSn=1&menuId=PCUVTINF2000&downLogYn=Y&unvCd=0000098&searchSyr=2027"
2027,"서울대학교[본교]","0000019","수시 모집요강","https://www.adiga.kr/cmm/com/file/fileDown.do?fileId=00000000000000243332&fileSn=1&menuId=PCUVTINF2000&downLogYn=Y&unvCd=0000019&searchSyr=2027"
2027,"서울시립대학교[본교]","0000040","수시 모집요강","https://www.adiga.kr/cmm/com/file/fileDown.do?fileId=00000000000000243005&fileSn=1&menuId=PCUVTINF2000&downLogYn=Y&unvCd=0000040&searchSyr=2027"
2027,"서울신학대학교[본교]","0000125","수시 모집요강","https://www.adiga.kr/cmm/com/file/fileDown.do?fileId=00000000000000243049&fileSn=1&menuId=PCUVTINF2000&downLogYn=Y&unvCd=0000125&searchSyr=2027"
2027,"서울여자대학교[본교]","0000126","수시 모집요강","https://www.adiga.kr/cmm/com/file/fileDown.do?fileId=00000000000000255229&fileSn=1&menuId=PCUVTINF2000&downLogYn=Y&unvCd=0000126&searchSyr=2027"
2027,"서울장신대학교[본교]","0000127","수시 모집요강","https://www.adiga.kr/cmm/com/file/fileDown.do?fileId=00000000000000255016&fileSn=1&menuId=PCUVTINF2000&downLogYn=Y&unvCd=0000127&searchSyr=2027"
2027,"서울한영대학교[본교]","0000205","수시 모집요강","https://www.adiga.kr/cmm/com/file/fileDown.do?fileId=00000000000000256911&fileSn=1&menuId=PCUVTINF2000&downLogYn=Y&unvCd=0000205&searchSyr=2027"
2027,"서원대학교[본교]","0000128","수시 모집요강","https://www.adiga.kr/cmm/com/file/fileDown.do?fileId=00000000000000242932&fileSn=1&menuId=PCUVTINF2000&downLogYn=Y&unvCd=0000128&searchSyr=2027"
2027,"선문대학교[본교]","0000129","수시 모집요강","https://www.adiga.kr/cmm/com/file/fileDown.do?fileId=00000000000000255105&fileSn=1&menuId=PCUVTINF2000&downLogYn=Y&unvCd=0000129&searchSyr=2027"
2027,"성결대학교[본교]","0000131","수시 모집요강","https://www.adiga.kr/cmm/com/file/fileDown.do?fileId=00000000000000257611&fileSn=1&menuId=PCUVTINF2000&downLogYn=Y&unvCd=0000131&searchSyr=2027"
2027,"성공회대학교[본교]","0000132","수시 모집요강","https://www.adiga.kr/cmm/com/file/fileDown.do?fileId=00000000000000257627&fileSn=1&menuId=PCUVTINF2000&downLogYn=Y&unvCd=0000132&searchSyr=2027"
2027,"성균관대학교[본교]","0000133","수시 모집요강","https://www.adiga.kr/cmm/com/file/fileDown.do?fileId=00000000000000256732&fileSn=1&menuId=PCUVTINF2000&downLogYn=Y&unvCd=0000133&searchSyr=2027"
2027,"성신여자대학교[본교]","0000136","수시 모집요강","https://www.adiga.kr/cmm/com/file/fileDown.do?fileId=00000000000000242955&fileSn=1&menuId=PCUVTINF2000&downLogYn=Y&unvCd=0000136&searchSyr=2027"
2027,"세명대학교[본교]","0000137","수시 모집요강","https://www.adiga.kr/cmm/com/file/fileDown.do?fileId=00000000000000251737&fileSn=1&menuId=PCUVTINF2000&downLogYn=Y&unvCd=0000137&searchSyr=2027"
2027,"세종대학교[본교]","0000138","수시 모집요강","https://www.adiga.kr/cmm/com/file/fileDown.do?fileId=00000000000000257391&fileSn=1&menuId=PCUVTINF2000&downLogYn=Y&unvCd=0000138&searchSyr=2027"
2027,"세한대학교[본교]","0000092","수시 모집요강","https://www.adiga.kr/cmm/com/file/fileDown.do?fileId=00000000000000242922&fileSn=1&menuId=PCUVTINF2000&downLogYn=Y&unvCd=0000092&searchSyr=2027"
2027,"송원대학교[본교]","0000243","수시 모집요강","https://www.adiga.kr/cmm/com/file/fileDown.do?fileId=00000000000000257444&fileSn=1&menuId=PCUVTINF2000&downLogYn=Y&unvCd=0000243&searchSyr=2027"
2027,"수원가톨릭대학교[본교]","0000139","수시 모집요강","https://www.adiga.kr/cmm/com/file/fileDown.do?fileId=00000000000000256354&fileSn=1&menuId=PCUVTINF2000&downLogYn=Y&unvCd=0000139&searchSyr=2027"
2027,"수원대학교[본교]","0000140","수시 모집요강","https://www.adiga.kr/cmm/com/file/fileDown.do?fileId=00000000000000243043&fileSn=1&menuId=PCUVTINF2000&downLogYn=Y&unvCd=0000140&searchSyr=2027"
2027,"숙명여자대학교[본교]","0000141","수시 모집요강","https://www.adiga.kr/cmm/com/file/fileDown.do?fileId=00000000000000257529&fileSn=1&menuId=PCUVTINF2000&downLogYn=Y&unvCd=0000141&searchSyr=2027"
2027,"순천향대학교[본교]","0000142","수시 모집요강","https://www.adiga.kr/cmm/com/file/fileDown.do?fileId=00000000000000256618&fileSn=1&menuId=PCUVTINF2000&downLogYn=Y&unvCd=0000142&searchSyr=2027"
2027,"숭실대학교[본교]","0000143","수시 모집요강","https://www.adiga.kr/cmm/com/file/fileDown.do?fileId=00000000000000257930&fileSn=1&menuId=PCUVTINF2000&downLogYn=Y&unvCd=0000143&searchSyr=2027"
2027,"신경주대학교[본교]","0000065","수시 모집요강","https://www.adiga.kr/cmm/com/file/fileDown.do?fileId=00000000000000242935&fileSn=1&menuId=PCUVTINF2000&downLogYn=Y&unvCd=0000065&searchSyr=2027"
2027,"신라대학교[본교]","0000144","수시 모집요강","https://www.adiga.kr/cmm/com/file/fileDown.do?fileId=00000000000000257624&fileSn=1&menuId=PCUVTINF2000&downLogYn=Y&unvCd=0000144&searchSyr=2027"
2027,"신한대학교[본교]","0002712","수시 모집요강","https://www.adiga.kr/cmm/com/file/fileDown.do?fileId=00000000000000257410&fileSn=1&menuId=PCUVTINF2000&downLogYn=Y&unvCd=0002712&searchSyr=2027"
2027,"신한대학교[제2캠퍼스]","0002800","수시 모집요강","https://www.adiga.kr/cmm/com/file/fileDown.do?fileId=00000000000000257413&fileSn=1&menuId=PCUVTINF2000&downLogYn=Y&unvCd=0002800&searchSyr=2027"
2027,"아신대학교[본교]","0000145","수시 모집요강","https://www.adiga.kr/cmm/com/file/fileDown.do?fileId=00000000000000242967&fileSn=1&menuId=PCUVTINF2000&downLogYn=Y&unvCd=0000145&searchSyr=2027"
2027,"아주대학교[본교]","0000146","수시 모집요강","https://www.adiga.kr/cmm/com/file/fileDown.do?fileId=00000000000000257290&fileSn=1&menuId=PCUVTINF2000&downLogYn=Y&unvCd=0000146&searchSyr=2027"
2027,"안양대학교[본교]","0000147","수시 모집요강","https://www.adiga.kr/cmm/com/file/fileDown.do?fileId=00000000000000257836&fileSn=1&menuId=PCUVTINF2000&downLogYn=Y&unvCd=0000147&searchSyr=2027"
2027,"안양대학교[제2캠퍼스]","0000148","수시 모집요강","https://www.adiga.kr/cmm/com/file/fileDown.do?fileId=00000000000000257839&fileSn=1&menuId=PCUVTINF2000&downLogYn=Y&unvCd=0000148&searchSyr=2027"
2027,"연세대학교(미래)[분교]","0000150","수시 모집요강","https://www.adiga.kr/cmm/com/file/fileDown.do?fileId=00000000000000242927&fileSn=1&menuId=PCUVTINF2000&downLogYn=Y&unvCd=0000150&searchSyr=2027"
2027,"연세대학교[본교]","0000149","수시 모집요강","https://www.adiga.kr/cmm/com/file/fileDown.do?fileId=00000000000000242991&fileSn=1&menuId=PCUVTINF2000&downLogYn=Y&unvCd=0000149&searchSyr=2027"
2027,"영남대학교[본교]","0000151","수시 모집요강","https://www.adiga.kr/cmm/com/file/fileDown.do?fileId=00000000000000243058&fileSn=1&menuId=PCUVTINF2000&downLogYn=Y&unvCd=0000151&searchSyr=2027"
2027,"영남신학대학교[본교]","0000153","수시 모집요강","https://www.adiga.kr/cmm/com/file/fileDown.do?fileId=00000000000000257933&fileSn=1&menuId=PCUVTINF2000&downLogYn=Y&unvCd=0000153&searchSyr=2027"
2027,"영산대학교[본교]","0003193","수시 모집요강","https://www.adiga.kr/cmm/com/file/fileDown.do?fileId=00000000000000257062&fileSn=1&menuId=PCUVTINF2000&downLogYn=Y&unvCd=0003193&searchSyr=2027"
2027,"영산대학교[제2캠퍼스]","0003194","수시 모집요강","https://www.adiga.kr/cmm/com/file/fileDown.do?fileId=00000000000000257085&fileSn=1&menuId=PCUVTINF2000&downLogYn=Y&unvCd=0003194&searchSyr=2027"
2027,"영산선학대학교[본교]","0000155","수시 모집요강","https://www.adiga.kr/cmm/com/file/fileDown.do?fileId=00000000000000256222&fileSn=1&menuId=PCUVTINF2000&downLogYn=Y&unvCd=0000155&searchSyr=2027"
2027,"예수대학교[본교]","0000228","수시 모집요강","https://www.adiga.kr/cmm/com/file/fileDown.do?fileId=00000000000000256761&fileSn=1&menuId=PCUVTINF2000&downLogYn=Y&unvCd=0000228&searchSyr=2027"
2027,"예원예술대학교[본교]","0000218","수시 모집요강","https://www.adiga.kr/cmm/com/file/fileDown.do?fileId=00000000000000255202&fileSn=1&menuId=PCUVTINF2000&downLogYn=Y&unvCd=0000218&searchSyr=2027"
2027,"예원예술대학교[제2캠퍼스]","0000219","수시 모집요강","https://www.adiga.kr/cmm/com/file/fileDown.do?fileId=00000000000000257697&fileSn=1&menuId=PCUVTINF2000&downLogYn=Y&unvCd=0000219&searchSyr=2027"
2027,"용인대학교[본교]","0000156","수시 모집요강","https://www.adiga.kr/cmm/com/file/fileDown.do?fileId=00000000000000252293&fileSn=1&menuId=PCUVTINF2000&downLogYn=Y&unvCd=0000156&searchSyr=2027"
2027,"우석대학교[본교]","0000157","수시 모집요강","https://www.adiga.kr/cmm/com/file/fileDown.do?fileId=00000000000000255210&fileSn=1&menuId=PCUVTINF2000&downLogYn=Y&unvCd=0000157&searchSyr=2027"
2027,"우송대학교[본교]","0000240","수시 모집요강","https://www.adiga.kr/cmm/com/file/fileDown.do?fileId=00000000000000256801&fileSn=1&menuId=PCUVTINF2000&downLogYn=Y&unvCd=0000240&searchSyr=2027"
2027,"울산대학교[본교]","0000158","수시 모집요강","https://www.adiga.kr/cmm/com/file/fileDown.do?fileId=00000000000000242895&fileSn=1&menuId=PCUVTINF2000&downLogYn=Y&unvCd=0000158&searchSyr=2027"
2027,"원광대학교[본교]","0000159","수시 모집요강","https://www.adiga.kr/cmm/com/file/fileDown.do?fileId=00000000000000256240&fileSn=1&menuId=PCUVTINF2000&downLogYn=Y&unvCd=0000159&searchSyr=2027"
2027,"위덕대학교[본교]","0000160","수시 모집요강","https://www.adiga.kr/cmm/com/file/fileDown.do?fileId=00000000000000256764&fileSn=1&menuId=PCUVTINF2000&downLogYn=Y&unvCd=0000160&searchSyr=2027"
2027,"유원대학교[본교]","0000154","수시 모집요강","https://www.adiga.kr/cmm/com/file/fileDown.do?fileId=00000000000000256846&fileSn=1&menuId=PCUVTINF2000&downLogYn=Y&unvCd=0000154&searchSyr=2027"
2027,"을지대학교[본교]","0000161","수시 모집요강","https://www.adiga.kr/cmm/com/file/fileDown.do?fileId=00000000000000242939&fileSn=1&menuId=PCUVTINF2000&downLogYn=Y&unvCd=0000161&searchSyr=2027"
2027,"을지대학교[제2캠퍼스]","0000162","수시 모집요강","https://www.adiga.kr/cmm/com/file/fileDown.do?fileId=00000000000000242942&fileSn=1&menuId=PCUVTINF2000&downLogYn=Y&unvCd=0000162&searchSyr=2027"
2027,"을지대학교[제3캠퍼스]","0002911","수시 모집요강","https://www.adiga.kr/cmm/com/file/fileDown.do?fileId=00000000000000242945&fileSn=1&menuId=PCUVTINF2000&downLogYn=Y&unvCd=0002911&searchSyr=2027"
2027,"이화여자대학교[본교]","0000163","수시 모집요강","https://www.adiga.kr/cmm/com/file/fileDown.do?fileId=00000000000000256914&fileSn=1&menuId=PCUVTINF2000&downLogYn=Y&unvCd=0000163&searchSyr=2027"
2027,"인제대학교[본교]","0000164","수시 모집요강","https://www.adiga.kr/cmm/com/file/fileDown.do?fileId=00000000000000242958&fileSn=1&menuId=PCUVTINF2000&downLogYn=Y&unvCd=0000164&searchSyr=2027"
2027,"인천가톨릭대학교[본교]","0000168","수시 모집요강","https://www.adiga.kr/cmm/com/file/fileDown.do?fileId=00000000000000256512&fileSn=1&menuId=PCUVTINF2000&downLogYn=Y&unvCd=0000168&searchSyr=2027"
2027,"인천가톨릭대학교[제2캠퍼스]","0000167","수시 모집요강","https://www.adiga.kr/cmm/com/file/fileDown.do?fileId=00000000000000256529&fileSn=1&menuId=PCUVTINF2000&downLogYn=Y&unvCd=0000167&searchSyr=2027"
2027,"인천대학교[본교]","0002660","수시 모집요강","https://www.adiga.kr/cmm/com/file/fileDown.do?fileId=00000000000000255133&fileSn=1&menuId=PCUVTINF2000&downLogYn=Y&unvCd=0002660&searchSyr=2027"
2027,"인하대학교[본교]","0000169","수시 모집요강","https://www.adiga.kr/cmm/com/file/fileDown.do?fileId=00000000000000242994&fileSn=1&menuId=PCUVTINF2000&downLogYn=Y&unvCd=0000169&searchSyr=2027"
2027,"장로회신학대학교[본교]","0000170","수시 모집요강","https://www.adiga.kr/cmm/com/file/fileDown.do?fileId=00000000000000243089&fileSn=1&menuId=PCUVTINF2000&downLogYn=Y&unvCd=0000170&searchSyr=2027"
2027,"전남대학교[본교]","0000023","수시 모집요강","https://www.adiga.kr/cmm/com/file/fileDown.do?fileId=00000000000000257031&fileSn=1&menuId=PCUVTINF2000&downLogYn=Y&unvCd=0000023&searchSyr=2027"
2027,"전남대학교[제2캠퍼스]","0000024","수시 모집요강","https://www.adiga.kr/cmm/com/file/fileDown.do?fileId=00000000000000257406&fileSn=1&menuId=PCUVTINF2000&downLogYn=Y&unvCd=0000024&searchSyr=2027"
2027,"전북대학교[본교]","0000025","수시 모집요강","https://www.adiga.kr/cmm/com/file/fileDown.do?fileId=00000000000000257039&fileSn=1&menuId=PCUVTINF2000&downLogYn=Y&unvCd=0000025&searchSyr=2027"
2027,"전주교육대학교[본교]","0000258","수시 모집요강","https://www.adiga.kr/cmm/com/file/fileDown.do?fileId=00000000000000257927&fileSn=1&menuId=PCUVTINF2000&downLogYn=Y&unvCd=0000258&searchSyr=2027"
2027,"전주대학교[본교]","0000171","수시 모집요강","https://www.adiga.kr/cmm/com/file/fileDown.do?fileId=00000000000000257344&fileSn=1&menuId=PCUVTINF2000&downLogYn=Y&unvCd=0000171&searchSyr=2027"
2027,"제주국제대학교[본교]","0000248","수시 모집요강","https://www.adiga.kr/cmm/com/file/fileDown.do?fileId=00000000000000256480&fileSn=1&menuId=PCUVTINF2000&downLogYn=Y&unvCd=0000248&searchSyr=2027"
2027,"제주대학교[본교]","0000027","수시 모집요강","https://www.adiga.kr/cmm/com/file/fileDown.do?fileId=00000000000000243121&fileSn=1&menuId=PCUVTINF2000&downLogYn=Y&unvCd=0000027&searchSyr=2027"
2027,"조선대학교[본교]","0000172","수시 모집요강","https://www.adiga.kr/cmm/com/file/fileDown.do?fileId=00000000000000258244&fileSn=1&menuId=PCUVTINF2000&downLogYn=Y&unvCd=0000172&searchSyr=2027"
2027,"중부대학교[본교]","0000173","수시 모집요강","https://www.adiga.kr/cmm/com/file/fileDown.do?fileId=00000000000000257248&fileSn=1&menuId=PCUVTINF2000&downLogYn=Y&unvCd=0000173&searchSyr=2027"
2027,"중앙대학교[본교]","0000175","수시 모집요강","https://www.adiga.kr/cmm/com/file/fileDown.do?fileId=00000000000000257306&fileSn=1&menuId=PCUVTINF2000&downLogYn=Y&unvCd=0000175&searchSyr=2027"
2027,"중앙대학교[제2캠퍼스]","0000174","수시 모집요강","https://www.adiga.kr/cmm/com/file/fileDown.do?fileId=00000000000000257348&fileSn=1&menuId=PCUVTINF2000&downLogYn=Y&unvCd=0000174&searchSyr=2027"
2027,"중앙승가대학교[본교]","0000177","수시 모집요강","https://www.adiga.kr/cmm/com/file/fileDown.do?fileId=00000000000000256218&fileSn=1&menuId=PCUVTINF2000&downLogYn=Y&unvCd=0000177&searchSyr=2027"
2027,"중원대학교[본교]","0000239","수시 모집요강","https://www.adiga.kr/cmm/com/file/fileDown.do?fileId=00000000000000258148&fileSn=1&menuId=PCUVTINF2000&downLogYn=Y&unvCd=0000239&searchSyr=2027"
2027,"진주교육대학교[본교]","0000260","수시 모집요강","https://www.adiga.kr/cmm/com/file/fileDown.do?fileId=00000000000000257865&fileSn=1&menuId=PCUVTINF2000&downLogYn=Y&unvCd=0000260&searchSyr=2027"
2027,"차의과학대학교[본교]","0000187","수시 모집요강","https://www.adiga.kr/cmm/com/file/fileDown.do?fileId=00000000000000256833&fileSn=1&menuId=PCUVTINF2000&downLogYn=Y&unvCd=0000187&searchSyr=2027"
2027,"창신대학교[본교]","0000249","수시 모집요강","https://www.adiga.kr/cmm/com/file/fileDown.do?fileId=00000000000000254999&fileSn=1&menuId=PCUVTINF2000&downLogYn=Y&unvCd=0000249&searchSyr=2027"
2027,"청운대학교[본교]","0000284","수시 모집요강","https://www.adiga.kr/cmm/com/file/fileDown.do?fileId=00000000000000255177&fileSn=1&menuId=PCUVTINF2000&downLogYn=Y&unvCd=0000284&searchSyr=2027"
2027,"청주교육대학교[본교]","0000261","수시 모집요강","https://www.adiga.kr/cmm/com/file/fileDown.do?fileId=00000000000000256420&fileSn=1&menuId=PCUVTINF2000&downLogYn=Y&unvCd=0000261&searchSyr=2027"
2027,"청주대학교[본교]","0000179","수시 모집요강","https://www.adiga.kr/cmm/com/file/fileDown.do?fileId=00000000000000256989&fileSn=1&menuId=PCUVTINF2000&downLogYn=Y&unvCd=0000179&searchSyr=2027"
2027,"초당대학교[본교]","0000246","수시 모집요강","https://www.adiga.kr/cmm/com/file/fileDown.do?fileId=00000000000000256656&fileSn=1&menuId=PCUVTINF2000&downLogYn=Y&unvCd=0000246&searchSyr=2027"
2027,"총신대학교[본교]","0000180","수시 모집요강","https://www.adiga.kr/cmm/com/file/fileDown.do?fileId=00000000000000256593&fileSn=1&menuId=PCUVTINF2000&downLogYn=Y&unvCd=0000180&searchSyr=2027"
2027,"추계예술대학교[본교]","0000181","수시 모집요강","https://www.adiga.kr/cmm/com/file/fileDown.do?fileId=00000000000000251907&fileSn=1&menuId=PCUVTINF2000&downLogYn=Y&unvCd=0000181&searchSyr=2027"
2027,"춘천교육대학교[본교]","0000262","수시 모집요강","https://www.adiga.kr/cmm/com/file/fileDown.do?fileId=00000000000000256908&fileSn=1&menuId=PCUVTINF2000&downLogYn=Y&unvCd=0000262&searchSyr=2027"
2027,"충남대학교[본교]","0000029","수시 모집요강","https://www.adiga.kr/cmm/com/file/fileDown.do?fileId=00000000000000237615&fileSn=1&menuId=PCUVTINF2000&downLogYn=Y&unvCd=0000029&searchSyr=2027"
2027,"충북대학교[본교]","0000030","수시 모집요강","https://www.adiga.kr/cmm/com/file/fileDown.do?fileId=00000000000000242855&fileSn=1&menuId=PCUVTINF2000&downLogYn=Y&unvCd=0000030&searchSyr=2027"
2027,"칼빈대학교[본교]","0000184","수시 모집요강","https://www.adiga.kr/cmm/com/file/fileDown.do?fileId=00000000000000257515&fileSn=1&menuId=PCUVTINF2000&downLogYn=Y&unvCd=0000184&searchSyr=2027"
2027,"평택대학교[본교]","0000186","수시 모집요강","https://www.adiga.kr/cmm/com/file/fileDown.do?fileId=00000000000000257983&fileSn=1&menuId=PCUVTINF2000&downLogYn=Y&unvCd=0000186&searchSyr=2027"
2027,"포항공과대학교[본교]","0000188","수시 모집요강","https://www.adiga.kr/cmm/com/file/fileDown.do?fileId=00000000000000256199&fileSn=1&menuId=PCUVTINF2000&downLogYn=Y&unvCd=0000188&searchSyr=2027"
2027,"한경국립대학교[본교]","0000037","수시 모집요강","https://www.adiga.kr/cmm/com/file/fileDown.do?fileId=00000000000000257388&fileSn=1&menuId=PCUVTINF2000&downLogYn=Y&unvCd=0000037&searchSyr=2027"
2027,"한국공학대학교[본교]","0000247","수시 모집요강","https://www.adiga.kr/cmm/com/file/fileDown.do?fileId=00000000000000242981&fileSn=1&menuId=PCUVTINF2000&downLogYn=Y&unvCd=0000247&searchSyr=2027"
2027,"한국교원대학교[본교]","0000031","수시 모집요강","https://www.adiga.kr/cmm/com/file/fileDown.do?fileId=00000000000000252047&fileSn=1&menuId=PCUVTINF2000&downLogYn=Y&unvCd=0000031&searchSyr=2027"
2027,"한국기술교육대학교[본교]","0000189","수시 모집요강","https://www.adiga.kr/cmm/com/file/fileDown.do?fileId=00000000000000255080&fileSn=1&menuId=PCUVTINF2000&downLogYn=Y&unvCd=0000189&searchSyr=2027"
2027,"한국성서대학교[본교]","0000191","수시 모집요강","https://www.adiga.kr/cmm/com/file/fileDown.do?fileId=00000000000000257440&fileSn=1&menuId=PCUVTINF2000&downLogYn=Y&unvCd=0000191&searchSyr=2027"
2027,"한국외국어대학교[본교]","0000192","수시 모집요강","https://www.adiga.kr/cmm/com/file/fileDown.do?fileId=00000000000000257112&fileSn=1&menuId=PCUVTINF2000&downLogYn=Y&unvCd=0000192&searchSyr=2027"
2027,"한국체육대학교[본교]","0000032","수시 모집요강","https://www.adiga.kr/cmm/com/file/fileDown.do?fileId=00000000000000257310&fileSn=1&menuId=PCUVTINF2000&downLogYn=Y&unvCd=0000032&searchSyr=2027"
2027,"한국침례신학대학교[본교]","0000182","수시 모집요강","https://www.adiga.kr/cmm/com/file/fileDown.do?fileId=00000000000000256838&fileSn=1&menuId=PCUVTINF2000&downLogYn=Y&unvCd=0000182&searchSyr=2027"
2027,"한국항공대학교[본교]","0000194","수시 모집요강","https://www.adiga.kr/cmm/com/file/fileDown.do?fileId=00000000000000257160&fileSn=1&menuId=PCUVTINF2000&downLogYn=Y&unvCd=0000194&searchSyr=2027"
2027,"한남대학교[본교]","0000195","수시 모집요강","https://www.adiga.kr/cmm/com/file/fileDown.do?fileId=00000000000000256580&fileSn=1&menuId=PCUVTINF2000&downLogYn=Y&unvCd=0000195&searchSyr=2027"
2027,"한동대학교[본교]","0000196","수시 모집요강","https://www.adiga.kr/cmm/com/file/fileDown.do?fileId=00000000000000256115&fileSn=1&menuId=PCUVTINF2000&downLogYn=Y&unvCd=0000196&searchSyr=2027"
2027,"한라대학교[본교]","0000197","수시 모집요강","https://www.adiga.kr/cmm/com/file/fileDown.do?fileId=00000000000000252027&fileSn=1&menuId=PCUVTINF2000&downLogYn=Y&unvCd=0000197&searchSyr=2027"
2027,"한림대학교[본교]","0000198","수시 모집요강","https://www.adiga.kr/cmm/com/file/fileDown.do?fileId=00000000000000256533&fileSn=1&menuId=PCUVTINF2000&downLogYn=Y&unvCd=0000198&searchSyr=2027"
2027,"한서대학교[본교]","0000199","수시 모집요강","https://www.adiga.kr/cmm/com/file/fileDown.do?fileId=00000000000000257261&fileSn=1&menuId=PCUVTINF2000&downLogYn=Y&unvCd=0000199&searchSyr=2027"
2027,"한성대학교[본교]","0000200","수시 모집요강","https://www.adiga.kr/cmm/com/file/fileDown.do?fileId=00000000000000256853&fileSn=1&menuId=PCUVTINF2000&downLogYn=Y&unvCd=0000200&searchSyr=2027"
2027,"한세대학교[본교]","0000201","수시 모집요강","https://www.adiga.kr/cmm/com/file/fileDown.do?fileId=00000000000000242919&fileSn=1&menuId=PCUVTINF2000&downLogYn=Y&unvCd=0000201&searchSyr=2027"
2027,"한신대학교[본교]","0000202","수시 모집요강","https://www.adiga.kr/cmm/com/file/fileDown.do?fileId=00000000000000256624&fileSn=1&menuId=PCUVTINF2000&downLogYn=Y&unvCd=0000202&searchSyr=2027"
2027,"한양대학교(ERICA)[분교]","0000204","수시 모집요강","https://www.adiga.kr/cmm/com/file/fileDown.do?fileId=00000000000000257781&fileSn=1&menuId=PCUVTINF2000&downLogYn=Y&unvCd=0000204&searchSyr=2027"
2027,"한양대학교[본교]","0000203","수시 모집요강","https://www.adiga.kr/cmm/com/file/fileDown.do?fileId=00000000000000257097&fileSn=1&menuId=PCUVTINF2000&downLogYn=Y&unvCd=0000203&searchSyr=2027"
2027,"한일장신대학교[본교]","0000206","수시 모집요강","https://www.adiga.kr/cmm/com/file/fileDown.do?fileId=00000000000000258020&fileSn=1&menuId=PCUVTINF2000&downLogYn=Y&unvCd=0000206&searchSyr=2027"
2027,"협성대학교[본교]","0000207","수시 모집요강","https://www.adiga.kr/cmm/com/file/fileDown.do?fileId=00000000000000252867&fileSn=1&menuId=PCUVTINF2000&downLogYn=Y&unvCd=0000207&searchSyr=2027"
2027,"호남대학교[본교]","0000208","수시 모집요강","https://www.adiga.kr/cmm/com/file/fileDown.do?fileId=00000000000000256621&fileSn=1&menuId=PCUVTINF2000&downLogYn=Y&unvCd=0000208&searchSyr=2027"
2027,"호남신학대학교[본교]","0000209","수시 모집요강","https://www.adiga.kr/cmm/com/file/fileDown.do?fileId=00000000000000245186&fileSn=1&menuId=PCUVTINF2000&downLogYn=Y&unvCd=0000209&searchSyr=2027"
2027,"호서대학교[본교]","0000211","수시 모집요강","https://www.adiga.kr/cmm/com/file/fileDown.do?fileId=00000000000000256550&fileSn=1&menuId=PCUVTINF2000&downLogYn=Y&unvCd=0000211&searchSyr=2027"
2027,"호원대학교[본교]","0000282","수시 모집요강","https://www.adiga.kr/cmm/com/file/fileDown.do?fileId=00000000000000256723&fileSn=1&menuId=PCUVTINF2000&downLogYn=Y&unvCd=0000282&searchSyr=2027"
2027,"홍익대학교[본교]","0000212","수시 모집요강","https://www.adiga.kr/cmm/com/file/fileDown.do?fileId=00000000000000257509&fileSn=1&menuId=PCUVTINF2000&downLogYn=Y&unvCd=0000212&searchSyr=2027"
2027,"홍익대학교[제2캠퍼스]","0002949","수시 모집요강","https://www.adiga.kr/cmm/com/file/fileDown.do?fileId=00000000000000257512&fileSn=1&menuId=PCUVTINF2000&downLogYn=Y&unvCd=0002949&searchSyr=2027"
2027,"화성의과학대학교[본교]","0000233","수시 모집요강","https://www.adiga.kr/cmm/com/file/fileDown.do?fileId=00000000000000257746&fileSn=1&menuId=PCUVTINF2000&downLogYn=Y&unvCd=0000233&searchSyr=2027"
2027,"가야대학교[본교]","0002748","정시모집","https://www.adiga.kr/cmm/com/file/fileDown.do?fileId=00000000000000255225&fileSn=1&menuId=PCUVTINF2000&downLogYn=Y&unvCd=0002748&searchSyr=2027"
2027,"가천대학교[본교]","0000063","정시모집","https://www.adiga.kr/cmm/com/file/fileDown.do?fileId=00000000000000242953&fileSn=1&menuId=PCUVTINF2000&downLogYn=Y&unvCd=0000063&searchSyr=2027"
2027,"가톨릭관동대학교[본교]","0000072","정시모집","https://www.adiga.kr/cmm/com/file/fileDown.do?fileId=00000000000000245720&fileSn=1&menuId=PCUVTINF2000&downLogYn=Y&unvCd=0000072&searchSyr=2027"
2027,"가톨릭꽃동네대학교[본교]","0000215","정시모집","https://www.adiga.kr/cmm/com/file/fileDown.do?fileId=00000000000000257912&fileSn=1&menuId=PCUVTINF2000&downLogYn=Y&unvCd=0000215&searchSyr=2027"
2027,"가톨릭대학교[본교]","0000046","정시모집","https://www.adiga.kr/cmm/com/file/fileDown.do?fileId=00000000000000245156&fileSn=1&menuId=PCUVTINF2000&downLogYn=Y&unvCd=0000046&searchSyr=2027"
2027,"가톨릭대학교[제2캠퍼스]","0000048","정시모집","https://www.adiga.kr/cmm/com/file/fileDown.do?fileId=00000000000000257285&fileSn=1&menuId=PCUVTINF2000&downLogYn=Y&unvCd=0000048&searchSyr=2027"
2027,"가톨릭대학교[제3캠퍼스]","0000049","정시모집","https://www.adiga.kr/cmm/com/file/fileDown.do?fileId=00000000000000257175&fileSn=1&menuId=PCUVTINF2000&downLogYn=Y&unvCd=0000049&searchSyr=2027"
2027,"감리교신학대학교[본교]","0000050","정시모집","https://www.adiga.kr/cmm/com/file/fileDown.do?fileId=00000000000000256497&fileSn=1&menuId=PCUVTINF2000&downLogYn=Y&unvCd=0000050&searchSyr=2027"
2027,"강남대학교[본교]","0000051","정시모집","https://www.adiga.kr/cmm/com/file/fileDown.do?fileId=00000000000000242901&fileSn=1&menuId=PCUVTINF2000&downLogYn=Y&unvCd=0000051&searchSyr=2027"
2027,"강서대학교[본교]","0000079","정시모집","https://www.adiga.kr/cmm/com/file/fileDown.do?fileId=00000000000000255088&fileSn=1&menuId=PCUVTINF2000&downLogYn=Y&unvCd=0000079&searchSyr=2027"
2027,"강원대학교[본교]","0000003","정시모집","https://www.adiga.kr/cmm/com/file/fileDown.do?fileId=00000000000000243391&fileSn=1&menuId=PCUVTINF2000&downLogYn=Y&unvCd=0000003&searchSyr=2027"
2027,"강원대학교[제2캠퍼스]","0000004","정시모집","https://www.adiga.kr/cmm/com/file/fileDown.do?fileId=00000000000000244306&fileSn=1&menuId=PCUVTINF2000&downLogYn=Y&unvCd=0000004&searchSyr=2027"
2027,"강원대학교[제3캠퍼스]","0003363","정시모집","https://www.adiga.kr/cmm/com/file/fileDown.do?fileId=00000000000000248009&fileSn=1&menuId=PCUVTINF2000&downLogYn=Y&unvCd=0003363&searchSyr=2027"
2027,"강원대학교[제4캠퍼스]","0003364","정시모집","https://www.adiga.kr/cmm/com/file/fileDown.do?fileId=00000000000000248013&fileSn=1&menuId=PCUVTINF2000&downLogYn=Y&unvCd=0003364&searchSyr=2027"
2027,"건국대학교(글로컬)[분교]","0000053","정시모집","https://www.adiga.kr/cmm/com/file/fileDown.do?fileId=00000000000000247759&fileSn=1&menuId=PCUVTINF2000&downLogYn=Y&unvCd=0000053&searchSyr=2027"
2027,"건국대학교[본교]","0000052","정시모집","https://www.adiga.kr/cmm/com/file/fileDown.do?fileId=00000000000000243062&fileSn=1&menuId=PCUVTINF2000&downLogYn=Y&unvCd=0000052&searchSyr=2027"
2027,"건양대학교[본교]","0000054","정시모집","https://www.adiga.kr/cmm/com/file/fileDown.do?fileId=00000000000000257543&fileSn=1&menuId=PCUVTINF2000&downLogYn=Y&unvCd=0000054&searchSyr=2027"
2027,"건양대학교[제2캠퍼스]","0000055","정시모집","https://www.adiga.kr/cmm/com/file/fileDown.do?fileId=00000000000000257546&fileSn=1&menuId=PCUVTINF2000&downLogYn=Y&unvCd=0000055&searchSyr=2027"
2027,"경기대학교[본교]","0000056","정시모집","https://www.adiga.kr/cmm/com/file/fileDown.do?fileId=00000000000000255006&fileSn=1&menuId=PCUVTINF2000&downLogYn=Y&unvCd=0000056&searchSyr=2027"
2027,"경기대학교[제2캠퍼스]","0000058","정시모집","https://www.adiga.kr/cmm/com/file/fileDown.do?fileId=00000000000000255009&fileSn=1&menuId=PCUVTINF2000&downLogYn=Y&unvCd=0000058&searchSyr=2027"
2027,"경남대학교[본교]","0000059","정시모집","https://www.adiga.kr/cmm/com/file/fileDown.do?fileId=00000000000000257834&fileSn=1&menuId=PCUVTINF2000&downLogYn=Y&unvCd=0000059&searchSyr=2027"
2027,"경동대학교[본교]","0000060","정시모집","https://www.adiga.kr/cmm/com/file/fileDown.do?fileId=00000000000000244952&fileSn=1&menuId=PCUVTINF2000&downLogYn=Y&unvCd=0000060&searchSyr=2027"
2027,"경동대학교[제3캠퍼스]","0002574","정시모집","https://www.adiga.kr/cmm/com/file/fileDown.do?fileId=00000000000000244949&fileSn=1&menuId=PCUVTINF2000&downLogYn=Y&unvCd=0002574&searchSyr=2027"
2027,"경동대학교[제4캠퍼스]","0002744","정시모집","https://www.adiga.kr/cmm/com/file/fileDown.do?fileId=00000000000000244955&fileSn=1&menuId=PCUVTINF2000&downLogYn=Y&unvCd=0002744&searchSyr=2027"
2027,"경북대학교[본교]","0000005","정시모집","https://www.adiga.kr/cmm/com/file/fileDown.do?fileId=00000000000000242990&fileSn=1&menuId=PCUVTINF2000&downLogYn=Y&unvCd=0000005&searchSyr=2027"
2027,"경상국립대학교[본교]","0000007","정시모집","https://www.adiga.kr/cmm/com/file/fileDown.do?fileId=00000000000000243098&fileSn=1&menuId=PCUVTINF2000&downLogYn=Y&unvCd=0000007&searchSyr=2027"
2027,"경성대학교[본교]","0000062","정시모집","https://www.adiga.kr/cmm/com/file/fileDown.do?fileId=00000000000000257304&fileSn=1&menuId=PCUVTINF2000&downLogYn=Y&unvCd=0000062&searchSyr=2027"
2027,"경운대학교[본교]","0000244","정시모집","https://www.adiga.kr/cmm/com/file/fileDown.do?fileId=00000000000000245582&fileSn=1&menuId=PCUVTINF2000&downLogYn=Y&unvCd=0000244&searchSyr=2027"
2027,"경인교육대학교[본교]","0000256","정시모집","https://www.adiga.kr/cmm/com/file/fileDown.do?fileId=00000000000000257265&fileSn=1&menuId=PCUVTINF2000&downLogYn=Y&unvCd=0000256&searchSyr=2027"
2027,"경일대학교[본교]","0000064","정시모집","https://www.adiga.kr/cmm/com/file/fileDown.do?fileId=00000000000000255227&fileSn=1&menuId=PCUVTINF2000&downLogYn=Y&unvCd=0000064&searchSyr=2027"
2027,"경희대학교[본교]","0000066","정시모집","https://www.adiga.kr/cmm/com/file/fileDown.do?fileId=00000000000000245977&fileSn=1&menuId=PCUVTINF2000&downLogYn=Y&unvCd=0000066&searchSyr=2027"
2027,"계명대학교[본교]","0000068","정시모집","https://www.adiga.kr/cmm/com/file/fileDown.do?fileId=00000000000000243041&fileSn=1&menuId=PCUVTINF2000&downLogYn=Y&unvCd=0000068&searchSyr=2027"
2027,"고려대학교(세종)[분교]","0000070","정시모집","https://www.adiga.kr/cmm/com/file/fileDown.do?fileId=00000000000000257701&fileSn=1&menuId=PCUVTINF2000&downLogYn=Y&unvCd=0000070&searchSyr=2027"
2027,"고려대학교[본교]","0000069","정시모집","https://www.adiga.kr/cmm/com/file/fileDown.do?fileId=00000000000000256510&fileSn=1&menuId=PCUVTINF2000&downLogYn=Y&unvCd=0000069&searchSyr=2027"
2027,"고신대학교[본교]","0000071","정시모집","https://www.adiga.kr/cmm/com/file/fileDown.do?fileId=00000000000000243096&fileSn=1&menuId=PCUVTINF2000&downLogYn=Y&unvCd=0000071&searchSyr=2027"
2027,"공주교육대학교[본교]","0000251","정시모집","https://www.adiga.kr/cmm/com/file/fileDown.do?fileId=00000000000000256831&fileSn=1&menuId=PCUVTINF2000&downLogYn=Y&unvCd=0000251&searchSyr=2027"
2027,"광신대학교[본교]","0000073","정시모집","https://www.adiga.kr/cmm/com/file/fileDown.do?fileId=00000000000000237436&fileSn=1&menuId=PCUVTINF2000&downLogYn=Y&unvCd=0000073&searchSyr=2027"
2027,"광운대학교[본교]","0000074","정시모집","https://www.adiga.kr/cmm/com/file/fileDown.do?fileId=00000000000000246874&fileSn=1&menuId=PCUVTINF2000&downLogYn=Y&unvCd=0000074&searchSyr=2027"
2027,"광주교육대학교[본교]","0000252","정시모집","https://www.adiga.kr/cmm/com/file/fileDown.do?fileId=00000000000000257183&fileSn=1&menuId=PCUVTINF2000&downLogYn=Y&unvCd=0000252&searchSyr=2027"
2027,"광주대학교[본교]","0000231","정시모집","https://www.adiga.kr/cmm/com/file/fileDown.do?fileId=00000000000000247026&fileSn=1&menuId=PCUVTINF2000&downLogYn=Y&unvCd=0000231&searchSyr=2027"
2027,"광주여자대학교[본교]","0000076","정시모집","https://www.adiga.kr/cmm/com/file/fileDown.do?fileId=00000000000000247287&fileSn=1&menuId=PCUVTINF2000&downLogYn=Y&unvCd=0000076&searchSyr=2027"
2027,"국립경국대학교[본교]","0000021","정시모집","https://www.adiga.kr/cmm/com/file/fileDown.do?fileId=00000000000000257808&fileSn=1&menuId=PCUVTINF2000&downLogYn=Y&unvCd=0000021&searchSyr=2027"
2027,"국립공주대학교[본교]","0000008","정시모집","https://www.adiga.kr/cmm/com/file/fileDown.do?fileId=00000000000000256749&fileSn=1&menuId=PCUVTINF2000&downLogYn=Y&unvCd=0000008&searchSyr=2027"
2027,"국립군산대학교[본교]","0000009","정시모집","https://www.adiga.kr/cmm/com/file/fileDown.do?fileId=00000000000000242950&fileSn=1&menuId=PCUVTINF2000&downLogYn=Y&unvCd=0000009&searchSyr=2027"
2027,"국립금오공과대학교[본교]","0000010","정시모집","https://www.adiga.kr/cmm/com/file/fileDown.do?fileId=00000000000000256928&fileSn=1&menuId=PCUVTINF2000&downLogYn=Y&unvCd=0000010&searchSyr=2027"
2027,"국립목포대학교[본교]","0000011","정시모집","https://www.adiga.kr/cmm/com/file/fileDown.do?fileId=00000000000000244174&fileSn=1&menuId=PCUVTINF2000&downLogYn=Y&unvCd=0000011&searchSyr=2027"
2027,"국립목포해양대학교[본교]","0000012","정시모집","https://www.adiga.kr/cmm/com/file/fileDown.do?fileId=00000000000000242839&fileSn=1&menuId=PCUVTINF2000&downLogYn=Y&unvCd=0000012&searchSyr=2027"
2027,"국립부경대학교[본교]","0000013","정시모집","https://www.adiga.kr/cmm/com/file/fileDown.do?fileId=00000000000000243309&fileSn=1&menuId=PCUVTINF2000&downLogYn=Y&unvCd=0000013&searchSyr=2027"
2027,"국립순천대학교[본교]","0000020","정시모집","https://www.adiga.kr/cmm/com/file/fileDown.do?fileId=00000000000000243017&fileSn=1&menuId=PCUVTINF2000&downLogYn=Y&unvCd=0000020&searchSyr=2027"
2027,"국립창원대학교[본교]","0000028","정시모집","https://www.adiga.kr/cmm/com/file/fileDown.do?fileId=00000000000000244253&fileSn=1&menuId=PCUVTINF2000&downLogYn=Y&unvCd=0000028&searchSyr=2027"
2027,"국립창원대학교[제2캠퍼스]","0003297","정시모집","https://www.adiga.kr/cmm/com/file/fileDown.do?fileId=00000000000000257386&fileSn=1&menuId=PCUVTINF2000&downLogYn=Y&unvCd=0003297&searchSyr=2027"
2027,"국립창원대학교[제3캠퍼스]","0003298","정시모집","https://www.adiga.kr/cmm/com/file/fileDown.do?fileId=00000000000000256339&fileSn=1&menuId=PCUVTINF2000&downLogYn=Y&unvCd=0003298&searchSyr=2027"
2027,"국립한국교통대학교[본교]","0000034","정시모집","https://www.adiga.kr/cmm/com/file/fileDown.do?fileId=00000000000000243056&fileSn=1&menuId=PCUVTINF2000&downLogYn=Y&unvCd=0000034&searchSyr=2027"
2027,"국립한국해양대학교[본교]","0000033","정시모집","https://www.adiga.kr/cmm/com/file/fileDown.do?fileId=00000000000000255137&fileSn=1&menuId=PCUVTINF2000&downLogYn=Y&unvCd=0000033&searchSyr=2027"
2027,"국립한밭대학교[본교]","0000039","정시모집","https://www.adiga.kr/cmm/com/file/fileDown.do?fileId=00000000000000257178&fileSn=1&menuId=PCUVTINF2000&downLogYn=Y&unvCd=0000039&searchSyr=2027"
2027,"국민대학교[본교]","0000078","정시모집","https://www.adiga.kr/cmm/com/file/fileDown.do?fileId=00000000000000243010&fileSn=1&menuId=PCUVTINF2000&downLogYn=Y&unvCd=0000078&searchSyr=2027"
2027,"극동대학교[본교]","0000080","정시모집","https://www.adiga.kr/cmm/com/file/fileDown.do?fileId=00000000000000252399&fileSn=1&menuId=PCUVTINF2000&downLogYn=Y&unvCd=0000080&searchSyr=2027"
2027,"금강대학교[본교]","0000224","정시모집","https://www.adiga.kr/cmm/com/file/fileDown.do?fileId=00000000000000257879&fileSn=1&menuId=PCUVTINF2000&downLogYn=Y&unvCd=0000224&searchSyr=2027"
2027,"김천대학교[본교]","0000241","정시모집","https://www.adiga.kr/cmm/com/file/fileDown.do?fileId=00000000000000255156&fileSn=1&menuId=PCUVTINF2000&downLogYn=Y&unvCd=0000241&searchSyr=2027"
2027,"나사렛대학교[본교]","0000081","정시모집","https://www.adiga.kr/cmm/com/file/fileDown.do?fileId=00000000000000254717&fileSn=1&menuId=PCUVTINF2000&downLogYn=Y&unvCd=0000081&searchSyr=2027"
2027,"남부대학교[본교]","0000216","정시모집","https://www.adiga.kr/cmm/com/file/fileDown.do?fileId=00000000000000257180&fileSn=1&menuId=PCUVTINF2000&downLogYn=Y&unvCd=0000216&searchSyr=2027"
2027,"남서울대학교[본교]","0000245","정시모집","https://www.adiga.kr/cmm/com/file/fileDown.do?fileId=00000000000000257688&fileSn=1&menuId=PCUVTINF2000&downLogYn=Y&unvCd=0000245&searchSyr=2027"
2027,"단국대학교[본교]","0000082","정시모집","https://www.adiga.kr/cmm/com/file/fileDown.do?fileId=00000000000000242998&fileSn=1&menuId=PCUVTINF2000&downLogYn=Y&unvCd=0000082&searchSyr=2027"
2027,"단국대학교[제2캠퍼스]","0002726","정시모집","https://www.adiga.kr/cmm/com/file/fileDown.do?fileId=00000000000000243003&fileSn=1&menuId=PCUVTINF2000&downLogYn=Y&unvCd=0002726&searchSyr=2027"
2027,"대구가톨릭대학교[본교]","0000088","정시모집","https://www.adiga.kr/cmm/com/file/fileDown.do?fileId=00000000000000243208&fileSn=1&menuId=PCUVTINF2000&downLogYn=Y&unvCd=0000088&searchSyr=2027"
2027,"대구교육대학교[본교]","0000253","정시모집","https://www.adiga.kr/cmm/com/file/fileDown.do?fileId=00000000000000257980&fileSn=1&menuId=PCUVTINF2000&downLogYn=Y&unvCd=0000253&searchSyr=2027"
2027,"대구대학교[본교]","0000084","정시모집","https://www.adiga.kr/cmm/com/file/fileDown.do?fileId=00000000000000242853&fileSn=1&menuId=PCUVTINF2000&downLogYn=Y&unvCd=0000084&searchSyr=2027"
2027,"대구예술대학교[본교]","0000087","정시모집","https://www.adiga.kr/cmm/com/file/fileDown.do?fileId=00000000000000256703&fileSn=1&menuId=PCUVTINF2000&downLogYn=Y&unvCd=0000087&searchSyr=2027"
2027,"대구한의대학교[본교]","0000061","정시모집","https://www.adiga.kr/cmm/com/file/fileDown.do?fileId=00000000000000257997&fileSn=1&menuId=PCUVTINF2000&downLogYn=Y&unvCd=0000061&searchSyr=2027"
2027,"대신대학교[본교]","0000093","정시모집","https://www.adiga.kr/cmm/com/file/fileDown.do?fileId=00000000000000243053&fileSn=1&menuId=PCUVTINF2000&downLogYn=Y&unvCd=0000093&searchSyr=2027"
2027,"대전가톨릭대학교[본교]","0000094","정시모집","https://www.adiga.kr/cmm/com/file/fileDown.do?fileId=00000000000000256548&fileSn=1&menuId=PCUVTINF2000&downLogYn=Y&unvCd=0000094&searchSyr=2027"
2027,"대전대학교[본교]","0000095","정시모집","https://www.adiga.kr/cmm/com/file/fileDown.do?fileId=00000000000000257692&fileSn=1&menuId=PCUVTINF2000&downLogYn=Y&unvCd=0000095&searchSyr=2027"
2027,"대전신학대학교[본교]","0000238","정시모집","https://www.adiga.kr/cmm/com/file/fileDown.do?fileId=00000000000000256613&fileSn=1&menuId=PCUVTINF2000&downLogYn=Y&unvCd=0000238&searchSyr=2027"
2027,"대진대학교[본교]","0000097","정시모집","https://www.adiga.kr/cmm/com/file/fileDown.do?fileId=00000000000000242971&fileSn=1&menuId=PCUVTINF2000&downLogYn=Y&unvCd=0000097&searchSyr=2027"
2027,"덕성여자대학교[본교]","0000099","정시모집","https://www.adiga.kr/cmm/com/file/fileDown.do?fileId=00000000000000256784&fileSn=1&menuId=PCUVTINF2000&downLogYn=Y&unvCd=0000099&searchSyr=2027"
2027,"동국대학교(WISE)[분교]","0000101","정시모집","https://www.adiga.kr/cmm/com/file/fileDown.do?fileId=00000000000000242987&fileSn=1&menuId=PCUVTINF2000&downLogYn=Y&unvCd=0000101&searchSyr=2027"
2027,"동국대학교[본교]","0000100","정시모집","https://www.adiga.kr/cmm/com/file/fileDown.do?fileId=00000000000000243065&fileSn=1&menuId=PCUVTINF2000&downLogYn=Y&unvCd=0000100&searchSyr=2027"
2027,"동덕여자대학교[본교]","0000102","정시모집","https://www.adiga.kr/cmm/com/file/fileDown.do?fileId=00000000000000256527&fileSn=1&menuId=PCUVTINF2000&downLogYn=Y&unvCd=0000102&searchSyr=2027"
2027,"동명대학교[본교]","0000235","정시모집","https://www.adiga.kr/cmm/com/file/fileDown.do?fileId=00000000000000255199&fileSn=1&menuId=PCUVTINF2000&downLogYn=Y&unvCd=0000235&searchSyr=2027"
2027,"동서대학교[본교]","0000103","정시모집","https://www.adiga.kr/cmm/com/file/fileDown.do?fileId=00000000000000244508&fileSn=1&menuId=PCUVTINF2000&downLogYn=Y&unvCd=0000103&searchSyr=2027"
2027,"동신대학교[본교]","0000104","정시모집","https://www.adiga.kr/cmm/com/file/fileDown.do?fileId=00000000000000257695&fileSn=1&menuId=PCUVTINF2000&downLogYn=Y&unvCd=0000104&searchSyr=2027"
2027,"동아대학교[본교]","0000105","정시모집","https://www.adiga.kr/cmm/com/file/fileDown.do?fileId=00000000000000242893&fileSn=1&menuId=PCUVTINF2000&downLogYn=Y&unvCd=0000105&searchSyr=2027"
2027,"동양대학교[본교]","0000106","정시모집","https://www.adiga.kr/cmm/com/file/fileDown.do?fileId=00000000000000244729&fileSn=1&menuId=PCUVTINF2000&downLogYn=Y&unvCd=0000106&searchSyr=2027"
2027,"동의대학교[본교]","0000107","정시모집","https://www.adiga.kr/cmm/com/file/fileDown.do?fileId=00000000000000252169&fileSn=1&menuId=PCUVTINF2000&downLogYn=Y&unvCd=0000107&searchSyr=2027"
2027,"루터대학교[본교]","0000108","정시모집","https://www.adiga.kr/cmm/com/file/fileDown.do?fileId=00000000000000251957&fileSn=1&menuId=PCUVTINF2000&downLogYn=Y&unvCd=0000108&searchSyr=2027"
2027,"명지대학교[본교]","0000109","정시모집","https://www.adiga.kr/cmm/com/file/fileDown.do?fileId=00000000000000243028&fileSn=1&menuId=PCUVTINF2000&downLogYn=Y&unvCd=0000109&searchSyr=2027"
2027,"명지대학교[제2캠퍼스]","0000111","정시모집","https://www.adiga.kr/cmm/com/file/fileDown.do?fileId=00000000000000243031&fileSn=1&menuId=PCUVTINF2000&downLogYn=Y&unvCd=0000111&searchSyr=2027"
2027,"목원대학교[본교]","0000112","정시모집","https://www.adiga.kr/cmm/com/file/fileDown.do?fileId=00000000000000239968&fileSn=1&menuId=PCUVTINF2000&downLogYn=Y&unvCd=0000112&searchSyr=2027"
2027,"목포가톨릭대학교[본교]","0000221","정시모집","https://www.adiga.kr/cmm/com/file/fileDown.do?fileId=00000000000000256895&fileSn=1&menuId=PCUVTINF2000&downLogYn=Y&unvCd=0000221&searchSyr=2027"
2027,"배재대학교[본교]","0000113","정시모집","https://www.adiga.kr/cmm/com/file/fileDown.do?fileId=00000000000000243047&fileSn=1&menuId=PCUVTINF2000&downLogYn=Y&unvCd=0000113&searchSyr=2027"
2027,"백석대학교[본교]","0000178","정시모집","https://www.adiga.kr/cmm/com/file/fileDown.do?fileId=00000000000000244402&fileSn=1&menuId=PCUVTINF2000&downLogYn=Y&unvCd=0000178&searchSyr=2027"
2027,"부산가톨릭대학교[본교]","0000114","정시모집","https://www.adiga.kr/cmm/com/file/fileDown.do?fileId=00000000000000245026&fileSn=1&menuId=PCUVTINF2000&downLogYn=Y&unvCd=0000114&searchSyr=2027"
2027,"부산교육대학교[본교]","0000254","정시모집","https://www.adiga.kr/cmm/com/file/fileDown.do?fileId=00000000000000256844&fileSn=1&menuId=PCUVTINF2000&downLogYn=Y&unvCd=0000254&searchSyr=2027"
2027,"부산대학교[본교]","0000014","정시모집","https://www.adiga.kr/cmm/com/file/fileDown.do?fileId=00000000000000257100&fileSn=1&menuId=PCUVTINF2000&downLogYn=Y&unvCd=0000014&searchSyr=2027"
2027,"부산외국어대학교[본교]","0000115","정시모집","https://www.adiga.kr/cmm/com/file/fileDown.do?fileId=00000000000000253082&fileSn=1&menuId=PCUVTINF2000&downLogYn=Y&unvCd=0000115&searchSyr=2027"
2027,"부산장신대학교[본교]","0000222","정시모집","https://www.adiga.kr/cmm/com/file/fileDown.do?fileId=00000000000000243068&fileSn=1&menuId=PCUVTINF2000&downLogYn=Y&unvCd=0000222&searchSyr=2027"
2027,"삼육대학교[본교]","0000116","정시모집","https://www.adiga.kr/cmm/com/file/fileDown.do?fileId=00000000000000255052&fileSn=1&menuId=PCUVTINF2000&downLogYn=Y&unvCd=0000116&searchSyr=2027"
2027,"상명대학교[본교]","0000117","정시모집","https://www.adiga.kr/cmm/com/file/fileDown.do?fileId=00000000000000255109&fileSn=1&menuId=PCUVTINF2000&downLogYn=Y&unvCd=0000117&searchSyr=2027"
2027,"상명대학교[제2캠퍼스]","0002959","정시모집","https://www.adiga.kr/cmm/com/file/fileDown.do?fileId=00000000000000242869&fileSn=1&menuId=PCUVTINF2000&downLogYn=Y&unvCd=0002959&searchSyr=2027"
2027,"상지대학교[본교]","0000119","정시모집","https://www.adiga.kr/cmm/com/file/fileDown.do?fileId=00000000000000256681&fileSn=1&menuId=PCUVTINF2000&downLogYn=Y&unvCd=0000119&searchSyr=2027"
2027,"서강대학교[본교]","0000120","정시모집","https://www.adiga.kr/cmm/com/file/fileDown.do?fileId=00000000000000255101&fileSn=1&menuId=PCUVTINF2000&downLogYn=Y&unvCd=0000120&searchSyr=2027"
2027,"서경대학교[본교]","0000121","정시모집","https://www.adiga.kr/cmm/com/file/fileDown.do?fileId=00000000000000242904&fileSn=1&menuId=PCUVTINF2000&downLogYn=Y&unvCd=0000121&searchSyr=2027"
2027,"서울과학기술대학교[본교]","0000036","정시모집","https://www.adiga.kr/cmm/com/file/fileDown.do?fileId=00000000000000243125&fileSn=1&menuId=PCUVTINF2000&downLogYn=Y&unvCd=0000036&searchSyr=2027"
2027,"서울교육대학교[본교]","0000255","정시모집","https://www.adiga.kr/cmm/com/file/fileDown.do?fileId=00000000000000256818&fileSn=1&menuId=PCUVTINF2000&downLogYn=Y&unvCd=0000255&searchSyr=2027"
2027,"서울기독대학교[본교]","0000098","정시모집","https://www.adiga.kr/cmm/com/file/fileDown.do?fileId=00000000000000242985&fileSn=1&menuId=PCUVTINF2000&downLogYn=Y&unvCd=0000098&searchSyr=2027"
2027,"서울대학교[본교]","0000019","정시모집","https://www.adiga.kr/cmm/com/file/fileDown.do?fileId=00000000000000243333&fileSn=1&menuId=PCUVTINF2000&downLogYn=Y&unvCd=0000019&searchSyr=2027"
2027,"서울시립대학교[본교]","0000040","정시모집","https://www.adiga.kr/cmm/com/file/fileDown.do?fileId=00000000000000243006&fileSn=1&menuId=PCUVTINF2000&downLogYn=Y&unvCd=0000040&searchSyr=2027"
2027,"서울신학대학교[본교]","0000125","정시모집","https://www.adiga.kr/cmm/com/file/fileDown.do?fileId=00000000000000243050&fileSn=1&menuId=PCUVTINF2000&downLogYn=Y&unvCd=0000125&searchSyr=2027"
2027,"서울여자대학교[본교]","0000126","정시모집","https://www.adiga.kr/cmm/com/file/fileDown.do?fileId=00000000000000255230&fileSn=1&menuId=PCUVTINF2000&downLogYn=Y&unvCd=0000126&searchSyr=2027"
2027,"서울장신대학교[본교]","0000127","정시모집","https://www.adiga.kr/cmm/com/file/fileDown.do?fileId=00000000000000255017&fileSn=1&menuId=PCUVTINF2000&downLogYn=Y&unvCd=0000127&searchSyr=2027"
2027,"서울한영대학교[본교]","0000205","정시모집","https://www.adiga.kr/cmm/com/file/fileDown.do?fileId=00000000000000256912&fileSn=1&menuId=PCUVTINF2000&downLogYn=Y&unvCd=0000205&searchSyr=2027"
2027,"서원대학교[본교]","0000128","정시모집","https://www.adiga.kr/cmm/com/file/fileDown.do?fileId=00000000000000242933&fileSn=1&menuId=PCUVTINF2000&downLogYn=Y&unvCd=0000128&searchSyr=2027"
2027,"선문대학교[본교]","0000129","정시모집","https://www.adiga.kr/cmm/com/file/fileDown.do?fileId=00000000000000255106&fileSn=1&menuId=PCUVTINF2000&downLogYn=Y&unvCd=0000129&searchSyr=2027"
2027,"성결대학교[본교]","0000131","정시모집","https://www.adiga.kr/cmm/com/file/fileDown.do?fileId=00000000000000257612&fileSn=1&menuId=PCUVTINF2000&downLogYn=Y&unvCd=0000131&searchSyr=2027"
2027,"성공회대학교[본교]","0000132","정시모집","https://www.adiga.kr/cmm/com/file/fileDown.do?fileId=00000000000000257628&fileSn=1&menuId=PCUVTINF2000&downLogYn=Y&unvCd=0000132&searchSyr=2027"
2027,"성균관대학교[본교]","0000133","정시모집","https://www.adiga.kr/cmm/com/file/fileDown.do?fileId=00000000000000256733&fileSn=1&menuId=PCUVTINF2000&downLogYn=Y&unvCd=0000133&searchSyr=2027"
2027,"성신여자대학교[본교]","0000136","정시모집","https://www.adiga.kr/cmm/com/file/fileDown.do?fileId=00000000000000242956&fileSn=1&menuId=PCUVTINF2000&downLogYn=Y&unvCd=0000136&searchSyr=2027"
2027,"세명대학교[본교]","0000137","정시모집","https://www.adiga.kr/cmm/com/file/fileDown.do?fileId=00000000000000251738&fileSn=1&menuId=PCUVTINF2000&downLogYn=Y&unvCd=0000137&searchSyr=2027"
2027,"세종대학교[본교]","0000138","정시모집","https://www.adiga.kr/cmm/com/file/fileDown.do?fileId=00000000000000257392&fileSn=1&menuId=PCUVTINF2000&downLogYn=Y&unvCd=0000138&searchSyr=2027"
2027,"세한대학교[본교]","0000092","정시모집","https://www.adiga.kr/cmm/com/file/fileDown.do?fileId=00000000000000242923&fileSn=1&menuId=PCUVTINF2000&downLogYn=Y&unvCd=0000092&searchSyr=2027"
2027,"송원대학교[본교]","0000243","정시모집","https://www.adiga.kr/cmm/com/file/fileDown.do?fileId=00000000000000257445&fileSn=1&menuId=PCUVTINF2000&downLogYn=Y&unvCd=0000243&searchSyr=2027"
2027,"수원가톨릭대학교[본교]","0000139","정시모집","https://www.adiga.kr/cmm/com/file/fileDown.do?fileId=00000000000000256355&fileSn=1&menuId=PCUVTINF2000&downLogYn=Y&unvCd=0000139&searchSyr=2027"
2027,"수원대학교[본교]","0000140","정시모집","https://www.adiga.kr/cmm/com/file/fileDown.do?fileId=00000000000000243044&fileSn=1&menuId=PCUVTINF2000&downLogYn=Y&unvCd=0000140&searchSyr=2027"
2027,"숙명여자대학교[본교]","0000141","정시모집","https://www.adiga.kr/cmm/com/file/fileDown.do?fileId=00000000000000257530&fileSn=1&menuId=PCUVTINF2000&downLogYn=Y&unvCd=0000141&searchSyr=2027"
2027,"순천향대학교[본교]","0000142","정시모집","https://www.adiga.kr/cmm/com/file/fileDown.do?fileId=00000000000000256619&fileSn=1&menuId=PCUVTINF2000&downLogYn=Y&unvCd=0000142&searchSyr=2027"
2027,"숭실대학교[본교]","0000143","정시모집","https://www.adiga.kr/cmm/com/file/fileDown.do?fileId=00000000000000257931&fileSn=1&menuId=PCUVTINF2000&downLogYn=Y&unvCd=0000143&searchSyr=2027"
2027,"신경주대학교[본교]","0000065","정시모집","https://www.adiga.kr/cmm/com/file/fileDown.do?fileId=00000000000000242936&fileSn=1&menuId=PCUVTINF2000&downLogYn=Y&unvCd=0000065&searchSyr=2027"
2027,"신라대학교[본교]","0000144","정시모집","https://www.adiga.kr/cmm/com/file/fileDown.do?fileId=00000000000000257625&fileSn=1&menuId=PCUVTINF2000&downLogYn=Y&unvCd=0000144&searchSyr=2027"
2027,"신한대학교[본교]","0002712","정시모집","https://www.adiga.kr/cmm/com/file/fileDown.do?fileId=00000000000000257411&fileSn=1&menuId=PCUVTINF2000&downLogYn=Y&unvCd=0002712&searchSyr=2027"
2027,"신한대학교[제2캠퍼스]","0002800","정시모집","https://www.adiga.kr/cmm/com/file/fileDown.do?fileId=00000000000000257414&fileSn=1&menuId=PCUVTINF2000&downLogYn=Y&unvCd=0002800&searchSyr=2027"
2027,"아신대학교[본교]","0000145","정시모집","https://www.adiga.kr/cmm/com/file/fileDown.do?fileId=00000000000000242968&fileSn=1&menuId=PCUVTINF2000&downLogYn=Y&unvCd=0000145&searchSyr=2027"
2027,"아주대학교[본교]","0000146","정시모집","https://www.adiga.kr/cmm/com/file/fileDown.do?fileId=00000000000000257291&fileSn=1&menuId=PCUVTINF2000&downLogYn=Y&unvCd=0000146&searchSyr=2027"
2027,"안양대학교[본교]","0000147","정시모집","https://www.adiga.kr/cmm/com/file/fileDown.do?fileId=00000000000000257837&fileSn=1&menuId=PCUVTINF2000&downLogYn=Y&unvCd=0000147&searchSyr=2027"
2027,"안양대학교[제2캠퍼스]","0000148","정시모집","https://www.adiga.kr/cmm/com/file/fileDown.do?fileId=00000000000000257840&fileSn=1&menuId=PCUVTINF2000&downLogYn=Y&unvCd=0000148&searchSyr=2027"
2027,"연세대학교(미래)[분교]","0000150","정시모집","https://www.adiga.kr/cmm/com/file/fileDown.do?fileId=00000000000000242928&fileSn=1&menuId=PCUVTINF2000&downLogYn=Y&unvCd=0000150&searchSyr=2027"
2027,"연세대학교[본교]","0000149","정시모집","https://www.adiga.kr/cmm/com/file/fileDown.do?fileId=00000000000000242992&fileSn=1&menuId=PCUVTINF2000&downLogYn=Y&unvCd=0000149&searchSyr=2027"
2027,"영남대학교[본교]","0000151","정시모집","https://www.adiga.kr/cmm/com/file/fileDown.do?fileId=00000000000000243059&fileSn=1&menuId=PCUVTINF2000&downLogYn=Y&unvCd=0000151&searchSyr=2027"
2027,"영남신학대학교[본교]","0000153","정시모집","https://www.adiga.kr/cmm/com/file/fileDown.do?fileId=00000000000000257934&fileSn=1&menuId=PCUVTINF2000&downLogYn=Y&unvCd=0000153&searchSyr=2027"
2027,"영산대학교[본교]","0003193","정시모집","https://www.adiga.kr/cmm/com/file/fileDown.do?fileId=00000000000000257063&fileSn=1&menuId=PCUVTINF2000&downLogYn=Y&unvCd=0003193&searchSyr=2027"
2027,"영산대학교[제2캠퍼스]","0003194","정시모집","https://www.adiga.kr/cmm/com/file/fileDown.do?fileId=00000000000000257086&fileSn=1&menuId=PCUVTINF2000&downLogYn=Y&unvCd=0003194&searchSyr=2027"
2027,"영산선학대학교[본교]","0000155","정시모집","https://www.adiga.kr/cmm/com/file/fileDown.do?fileId=00000000000000256223&fileSn=1&menuId=PCUVTINF2000&downLogYn=Y&unvCd=0000155&searchSyr=2027"
2027,"예수대학교[본교]","0000228","정시모집","https://www.adiga.kr/cmm/com/file/fileDown.do?fileId=00000000000000256762&fileSn=1&menuId=PCUVTINF2000&downLogYn=Y&unvCd=0000228&searchSyr=2027"
2027,"예원예술대학교[본교]","0000218","정시모집","https://www.adiga.kr/cmm/com/file/fileDown.do?fileId=00000000000000255203&fileSn=1&menuId=PCUVTINF2000&downLogYn=Y&unvCd=0000218&searchSyr=2027"
2027,"예원예술대학교[제2캠퍼스]","0000219","정시모집","https://www.adiga.kr/cmm/com/file/fileDown.do?fileId=00000000000000257698&fileSn=1&menuId=PCUVTINF2000&downLogYn=Y&unvCd=0000219&searchSyr=2027"
2027,"용인대학교[본교]","0000156","정시모집","https://www.adiga.kr/cmm/com/file/fileDown.do?fileId=00000000000000252294&fileSn=1&menuId=PCUVTINF2000&downLogYn=Y&unvCd=0000156&searchSyr=2027"
2027,"우석대학교[본교]","0000157","정시모집","https://www.adiga.kr/cmm/com/file/fileDown.do?fileId=00000000000000255211&fileSn=1&menuId=PCUVTINF2000&downLogYn=Y&unvCd=0000157&searchSyr=2027"
2027,"우송대학교[본교]","0000240","정시모집","https://www.adiga.kr/cmm/com/file/fileDown.do?fileId=00000000000000256802&fileSn=1&menuId=PCUVTINF2000&downLogYn=Y&unvCd=0000240&searchSyr=2027"
2027,"울산대학교[본교]","0000158","정시모집","https://www.adiga.kr/cmm/com/file/fileDown.do?fileId=00000000000000242896&fileSn=1&menuId=PCUVTINF2000&downLogYn=Y&unvCd=0000158&searchSyr=2027"
2027,"원광대학교[본교]","0000159","정시모집","https://www.adiga.kr/cmm/com/file/fileDown.do?fileId=00000000000000256241&fileSn=1&menuId=PCUVTINF2000&downLogYn=Y&unvCd=0000159&searchSyr=2027"
2027,"위덕대학교[본교]","0000160","정시모집","https://www.adiga.kr/cmm/com/file/fileDown.do?fileId=00000000000000256765&fileSn=1&menuId=PCUVTINF2000&downLogYn=Y&unvCd=0000160&searchSyr=2027"
2027,"유원대학교[본교]","0000154","정시모집","https://www.adiga.kr/cmm/com/file/fileDown.do?fileId=00000000000000256847&fileSn=1&menuId=PCUVTINF2000&downLogYn=Y&unvCd=0000154&searchSyr=2027"
2027,"을지대학교[본교]","0000161","정시모집","https://www.adiga.kr/cmm/com/file/fileDown.do?fileId=00000000000000242940&fileSn=1&menuId=PCUVTINF2000&downLogYn=Y&unvCd=0000161&searchSyr=2027"
2027,"을지대학교[제2캠퍼스]","0000162","정시모집","https://www.adiga.kr/cmm/com/file/fileDown.do?fileId=00000000000000242943&fileSn=1&menuId=PCUVTINF2000&downLogYn=Y&unvCd=0000162&searchSyr=2027"
2027,"을지대학교[제3캠퍼스]","0002911","정시모집","https://www.adiga.kr/cmm/com/file/fileDown.do?fileId=00000000000000242946&fileSn=1&menuId=PCUVTINF2000&downLogYn=Y&unvCd=0002911&searchSyr=2027"
2027,"이화여자대학교[본교]","0000163","정시모집","https://www.adiga.kr/cmm/com/file/fileDown.do?fileId=00000000000000256915&fileSn=1&menuId=PCUVTINF2000&downLogYn=Y&unvCd=0000163&searchSyr=2027"
2027,"인제대학교[본교]","0000164","정시모집","https://www.adiga.kr/cmm/com/file/fileDown.do?fileId=00000000000000242959&fileSn=1&menuId=PCUVTINF2000&downLogYn=Y&unvCd=0000164&searchSyr=2027"
2027,"인천가톨릭대학교[제2캠퍼스]","0000167","정시모집","https://www.adiga.kr/cmm/com/file/fileDown.do?fileId=00000000000000256530&fileSn=1&menuId=PCUVTINF2000&downLogYn=Y&unvCd=0000167&searchSyr=2027"
2027,"인천대학교[본교]","0002660","정시모집","https://www.adiga.kr/cmm/com/file/fileDown.do?fileId=00000000000000255134&fileSn=1&menuId=PCUVTINF2000&downLogYn=Y&unvCd=0002660&searchSyr=2027"
2027,"인하대학교[본교]","0000169","정시모집","https://www.adiga.kr/cmm/com/file/fileDown.do?fileId=00000000000000242995&fileSn=1&menuId=PCUVTINF2000&downLogYn=Y&unvCd=0000169&searchSyr=2027"
2027,"장로회신학대학교[본교]","0000170","정시모집","https://www.adiga.kr/cmm/com/file/fileDown.do?fileId=00000000000000243090&fileSn=1&menuId=PCUVTINF2000&downLogYn=Y&unvCd=0000170&searchSyr=2027"
2027,"전남대학교[본교]","0000023","정시모집","https://www.adiga.kr/cmm/com/file/fileDown.do?fileId=00000000000000257032&fileSn=1&menuId=PCUVTINF2000&downLogYn=Y&unvCd=0000023&searchSyr=2027"
2027,"전남대학교[제2캠퍼스]","0000024","정시모집","https://www.adiga.kr/cmm/com/file/fileDown.do?fileId=00000000000000257407&fileSn=1&menuId=PCUVTINF2000&downLogYn=Y&unvCd=0000024&searchSyr=2027"
2027,"전북대학교[본교]","0000025","정시모집","https://www.adiga.kr/cmm/com/file/fileDown.do?fileId=00000000000000257040&fileSn=1&menuId=PCUVTINF2000&downLogYn=Y&unvCd=0000025&searchSyr=2027"
2027,"전주교육대학교[본교]","0000258","정시모집","https://www.adiga.kr/cmm/com/file/fileDown.do?fileId=00000000000000257928&fileSn=1&menuId=PCUVTINF2000&downLogYn=Y&unvCd=0000258&searchSyr=2027"
2027,"전주대학교[본교]","0000171","정시모집","https://www.adiga.kr/cmm/com/file/fileDown.do?fileId=00000000000000257345&fileSn=1&menuId=PCUVTINF2000&downLogYn=Y&unvCd=0000171&searchSyr=2027"
2027,"제주국제대학교[본교]","0000248","정시모집","https://www.adiga.kr/cmm/com/file/fileDown.do?fileId=00000000000000256481&fileSn=1&menuId=PCUVTINF2000&downLogYn=Y&unvCd=0000248&searchSyr=2027"
2027,"제주대학교[본교]","0000027","정시모집","https://www.adiga.kr/cmm/com/file/fileDown.do?fileId=00000000000000243122&fileSn=1&menuId=PCUVTINF2000&downLogYn=Y&unvCd=0000027&searchSyr=2027"
2027,"조선대학교[본교]","0000172","정시모집","https://www.adiga.kr/cmm/com/file/fileDown.do?fileId=00000000000000258245&fileSn=1&menuId=PCUVTINF2000&downLogYn=Y&unvCd=0000172&searchSyr=2027"
2027,"중부대학교[본교]","0000173","정시모집","https://www.adiga.kr/cmm/com/file/fileDown.do?fileId=00000000000000257249&fileSn=1&menuId=PCUVTINF2000&downLogYn=Y&unvCd=0000173&searchSyr=2027"
2027,"중앙대학교[본교]","0000175","정시모집","https://www.adiga.kr/cmm/com/file/fileDown.do?fileId=00000000000000257307&fileSn=1&menuId=PCUVTINF2000&downLogYn=Y&unvCd=0000175&searchSyr=2027"
2027,"중앙대학교[제2캠퍼스]","0000174","정시모집","https://www.adiga.kr/cmm/com/file/fileDown.do?fileId=00000000000000257349&fileSn=1&menuId=PCUVTINF2000&downLogYn=Y&unvCd=0000174&searchSyr=2027"
2027,"중앙승가대학교[본교]","0000177","정시모집","https://www.adiga.kr/cmm/com/file/fileDown.do?fileId=00000000000000256219&fileSn=1&menuId=PCUVTINF2000&downLogYn=Y&unvCd=0000177&searchSyr=2027"
2027,"중원대학교[본교]","0000239","정시모집","https://www.adiga.kr/cmm/com/file/fileDown.do?fileId=00000000000000258149&fileSn=1&menuId=PCUVTINF2000&downLogYn=Y&unvCd=0000239&searchSyr=2027"
2027,"진주교육대학교[본교]","0000260","정시모집","https://www.adiga.kr/cmm/com/file/fileDown.do?fileId=00000000000000257866&fileSn=1&menuId=PCUVTINF2000&downLogYn=Y&unvCd=0000260&searchSyr=2027"
2027,"차의과학대학교[본교]","0000187","정시모집","https://www.adiga.kr/cmm/com/file/fileDown.do?fileId=00000000000000256834&fileSn=1&menuId=PCUVTINF2000&downLogYn=Y&unvCd=0000187&searchSyr=2027"
2027,"창신대학교[본교]","0000249","정시모집","https://www.adiga.kr/cmm/com/file/fileDown.do?fileId=00000000000000255000&fileSn=1&menuId=PCUVTINF2000&downLogYn=Y&unvCd=0000249&searchSyr=2027"
2027,"청운대학교[본교]","0000284","정시모집","https://www.adiga.kr/cmm/com/file/fileDown.do?fileId=00000000000000255178&fileSn=1&menuId=PCUVTINF2000&downLogYn=Y&unvCd=0000284&searchSyr=2027"
2027,"청주교육대학교[본교]","0000261","정시모집","https://www.adiga.kr/cmm/com/file/fileDown.do?fileId=00000000000000256421&fileSn=1&menuId=PCUVTINF2000&downLogYn=Y&unvCd=0000261&searchSyr=2027"
2027,"청주대학교[본교]","0000179","정시모집","https://www.adiga.kr/cmm/com/file/fileDown.do?fileId=00000000000000256990&fileSn=1&menuId=PCUVTINF2000&downLogYn=Y&unvCd=0000179&searchSyr=2027"
2027,"초당대학교[본교]","0000246","정시모집","https://www.adiga.kr/cmm/com/file/fileDown.do?fileId=00000000000000256657&fileSn=1&menuId=PCUVTINF2000&downLogYn=Y&unvCd=0000246&searchSyr=2027"
2027,"총신대학교[본교]","0000180","정시모집","https://www.adiga.kr/cmm/com/file/fileDown.do?fileId=00000000000000256594&fileSn=1&menuId=PCUVTINF2000&downLogYn=Y&unvCd=0000180&searchSyr=2027"
2027,"추계예술대학교[본교]","0000181","정시모집","https://www.adiga.kr/cmm/com/file/fileDown.do?fileId=00000000000000251908&fileSn=1&menuId=PCUVTINF2000&downLogYn=Y&unvCd=0000181&searchSyr=2027"
2027,"춘천교육대학교[본교]","0000262","정시모집","https://www.adiga.kr/cmm/com/file/fileDown.do?fileId=00000000000000256909&fileSn=1&menuId=PCUVTINF2000&downLogYn=Y&unvCd=0000262&searchSyr=2027"
2027,"충남대학교[본교]","0000029","정시모집","https://www.adiga.kr/cmm/com/file/fileDown.do?fileId=00000000000000237616&fileSn=1&menuId=PCUVTINF2000&downLogYn=Y&unvCd=0000029&searchSyr=2027"
2027,"충북대학교[본교]","0000030","정시모집","https://www.adiga.kr/cmm/com/file/fileDown.do?fileId=00000000000000242856&fileSn=1&menuId=PCUVTINF2000&downLogYn=Y&unvCd=0000030&searchSyr=2027"
2027,"칼빈대학교[본교]","0000184","정시모집","https://www.adiga.kr/cmm/com/file/fileDown.do?fileId=00000000000000257516&fileSn=1&menuId=PCUVTINF2000&downLogYn=Y&unvCd=0000184&searchSyr=2027"
2027,"평택대학교[본교]","0000186","정시모집","https://www.adiga.kr/cmm/com/file/fileDown.do?fileId=00000000000000257984&fileSn=1&menuId=PCUVTINF2000&downLogYn=Y&unvCd=0000186&searchSyr=2027"
2027,"한경국립대학교[본교]","0000037","정시모집","https://www.adiga.kr/cmm/com/file/fileDown.do?fileId=00000000000000257389&fileSn=1&menuId=PCUVTINF2000&downLogYn=Y&unvCd=0000037&searchSyr=2027"
2027,"한국공학대학교[본교]","0000247","정시모집","https://www.adiga.kr/cmm/com/file/fileDown.do?fileId=00000000000000242982&fileSn=1&menuId=PCUVTINF2000&downLogYn=Y&unvCd=0000247&searchSyr=2027"
2027,"한국교원대학교[본교]","0000031","정시모집","https://www.adiga.kr/cmm/com/file/fileDown.do?fileId=00000000000000252048&fileSn=1&menuId=PCUVTINF2000&downLogYn=Y&unvCd=0000031&searchSyr=2027"
2027,"한국기술교육대학교[본교]","0000189","정시모집","https://www.adiga.kr/cmm/com/file/fileDown.do?fileId=00000000000000255081&fileSn=1&menuId=PCUVTINF2000&downLogYn=Y&unvCd=0000189&searchSyr=2027"
2027,"한국성서대학교[본교]","0000191","정시모집","https://www.adiga.kr/cmm/com/file/fileDown.do?fileId=00000000000000257441&fileSn=1&menuId=PCUVTINF2000&downLogYn=Y&unvCd=0000191&searchSyr=2027"
2027,"한국외국어대학교[본교]","0000192","정시모집","https://www.adiga.kr/cmm/com/file/fileDown.do?fileId=00000000000000257113&fileSn=1&menuId=PCUVTINF2000&downLogYn=Y&unvCd=0000192&searchSyr=2027"
2027,"한국체육대학교[본교]","0000032","정시모집","https://www.adiga.kr/cmm/com/file/fileDown.do?fileId=00000000000000257311&fileSn=1&menuId=PCUVTINF2000&downLogYn=Y&unvCd=0000032&searchSyr=2027"
2027,"한국침례신학대학교[본교]","0000182","정시모집","https://www.adiga.kr/cmm/com/file/fileDown.do?fileId=00000000000000256839&fileSn=1&menuId=PCUVTINF2000&downLogYn=Y&unvCd=0000182&searchSyr=2027"
2027,"한국항공대학교[본교]","0000194","정시모집","https://www.adiga.kr/cmm/com/file/fileDown.do?fileId=00000000000000257161&fileSn=1&menuId=PCUVTINF2000&downLogYn=Y&unvCd=0000194&searchSyr=2027"
2027,"한남대학교[본교]","0000195","정시모집","https://www.adiga.kr/cmm/com/file/fileDown.do?fileId=00000000000000256581&fileSn=1&menuId=PCUVTINF2000&downLogYn=Y&unvCd=0000195&searchSyr=2027"
2027,"한동대학교[본교]","0000196","정시모집","https://www.adiga.kr/cmm/com/file/fileDown.do?fileId=00000000000000256116&fileSn=1&menuId=PCUVTINF2000&downLogYn=Y&unvCd=0000196&searchSyr=2027"
2027,"한라대학교[본교]","0000197","정시모집","https://www.adiga.kr/cmm/com/file/fileDown.do?fileId=00000000000000252028&fileSn=1&menuId=PCUVTINF2000&downLogYn=Y&unvCd=0000197&searchSyr=2027"
2027,"한림대학교[본교]","0000198","정시모집","https://www.adiga.kr/cmm/com/file/fileDown.do?fileId=00000000000000256534&fileSn=1&menuId=PCUVTINF2000&downLogYn=Y&unvCd=0000198&searchSyr=2027"
2027,"한서대학교[본교]","0000199","정시모집","https://www.adiga.kr/cmm/com/file/fileDown.do?fileId=00000000000000257262&fileSn=1&menuId=PCUVTINF2000&downLogYn=Y&unvCd=0000199&searchSyr=2027"
2027,"한성대학교[본교]","0000200","정시모집","https://www.adiga.kr/cmm/com/file/fileDown.do?fileId=00000000000000256854&fileSn=1&menuId=PCUVTINF2000&downLogYn=Y&unvCd=0000200&searchSyr=2027"
2027,"한세대학교[본교]","0000201","정시모집","https://www.adiga.kr/cmm/com/file/fileDown.do?fileId=00000000000000242920&fileSn=1&menuId=PCUVTINF2000&downLogYn=Y&unvCd=0000201&searchSyr=2027"
2027,"한신대학교[본교]","0000202","정시모집","https://www.adiga.kr/cmm/com/file/fileDown.do?fileId=00000000000000256625&fileSn=1&menuId=PCUVTINF2000&downLogYn=Y&unvCd=0000202&searchSyr=2027"
2027,"한양대학교(ERICA)[분교]","0000204","정시모집","https://www.adiga.kr/cmm/com/file/fileDown.do?fileId=00000000000000257782&fileSn=1&menuId=PCUVTINF2000&downLogYn=Y&unvCd=0000204&searchSyr=2027"
2027,"한양대학교[본교]","0000203","정시모집","https://www.adiga.kr/cmm/com/file/fileDown.do?fileId=00000000000000257098&fileSn=1&menuId=PCUVTINF2000&downLogYn=Y&unvCd=0000203&searchSyr=2027"
2027,"한일장신대학교[본교]","0000206","정시모집","https://www.adiga.kr/cmm/com/file/fileDown.do?fileId=00000000000000258021&fileSn=1&menuId=PCUVTINF2000&downLogYn=Y&unvCd=0000206&searchSyr=2027"
2027,"협성대학교[본교]","0000207","정시모집","https://www.adiga.kr/cmm/com/file/fileDown.do?fileId=00000000000000252868&fileSn=1&menuId=PCUVTINF2000&downLogYn=Y&unvCd=0000207&searchSyr=2027"
2027,"호남대학교[본교]","0000208","정시모집","https://www.adiga.kr/cmm/com/file/fileDown.do?fileId=00000000000000256622&fileSn=1&menuId=PCUVTINF2000&downLogYn=Y&unvCd=0000208&searchSyr=2027"
2027,"호남신학대학교[본교]","0000209","정시모집","https://www.adiga.kr/cmm/com/file/fileDown.do?fileId=00000000000000245187&fileSn=1&menuId=PCUVTINF2000&downLogYn=Y&unvCd=0000209&searchSyr=2027"
2027,"호서대학교[본교]","0000211","정시모집","https://www.adiga.kr/cmm/com/file/fileDown.do?fileId=00000000000000256551&fileSn=1&menuId=PCUVTINF2000&downLogYn=Y&unvCd=0000211&searchSyr=2027"
2027,"호원대학교[본교]","0000282","정시모집","https://www.adiga.kr/cmm/com/file/fileDown.do?fileId=00000000000000256724&fileSn=1&menuId=PCUVTINF2000&downLogYn=Y&unvCd=0000282&searchSyr=2027"
2027,"홍익대학교[본교]","0000212","정시모집","https://www.adiga.kr/cmm/com/file/fileDown.do?fileId=00000000000000257510&fileSn=1&menuId=PCUVTINF2000&downLogYn=Y&unvCd=0000212&searchSyr=2027"
2027,"홍익대학교[제2캠퍼스]","0002949","정시모집","https://www.adiga.kr/cmm/com/file/fileDown.do?fileId=00000000000000257513&fileSn=1&menuId=PCUVTINF2000&downLogYn=Y&unvCd=0002949&searchSyr=2027"
2027,"화성의과학대학교[본교]","0000233","정시모집","https://www.adiga.kr/cmm/com/file/fileDown.do?fileId=00000000000000257747&fileSn=1&menuId=PCUVTINF2000&downLogYn=Y&unvCd=0000233&searchSyr=2027"
